,league,match,bet,outcome,sb,,date,original_odds,real_odds,value (%)
,WTA-STRASBOURG,D.Parry - A.Kerber,GAMES,-20.5,1.9,,2022-05-16 09:00:00,1.709,1.782,6.62
,WTA-STRASBOURG,A.Konjuh - O.Dodin,GAMES,-20.5,2.05,,2022-05-16 09:00:00,1.87,1.956,4.81
,WTA-STRASBOURG,D.Saville - A.Friedsam,GAMES,-20.5,1.9,,2022-05-16 09:00:00,1.741,1.817,4.57
,WTA-STRASBOURG,M.Zanevska - Shu.Zhang,GAMES,-21.5,1.9,,2022-05-16 09:00:00,1.741,1.817,4.57
,WTA-STRASBOURG,B.Pera - G.Ruse,GAMES,-21.5,1.9,,2022-05-16 09:00:00,1.752,1.827,4
,WTA-STRASBOURG,E.Jacquemot - H.Watson,GAMES,-21.5,1.9,,2022-05-16 09:00:00,1.752,1.827,4
,WTA-STRASBOURG,Car.Garcia - F.Ferro,GAMES,-21.5,1.9,,2022-05-16 09:00:00,1.758,1.834,3.6
,WTA-STRASBOURG,D.Parry - A.Kerber,GAMES,-19.5,2.1,,2022-05-16 09:00:00,1.935,2.028,3.55
,ATP-LYON,A.Rinderknech - H.V.N.Rune,AWAY_HANDI,-3.5,1.65,,2022-05-15 14:30:00,1.535,1.594,3.51
,WTA-STRASBOURG,E.Mertens - C.Monnet,HOME_HANDI,-7.5,2.55,,2022-05-16 09:00:00,2.33,2.467,3.36
,WTA-STRASBOURG,D.Saville - A.Friedsam,GAMES,-19.5,2.15,,2022-05-16 09:00:00,1.99,2.09,2.87
,ATP-LYON,B.Bonzi - S.Baez,GAMES,21.5,1.9,,2022-05-16 10:00:00,1.769,1.848,2.81
,ATP-LYON,F.Cerundolo - J.Duckworth,1X2_SET1,2,5.15,,2022-05-15 11:30:00,4.67,5.011,2.77
,WTA-STRASBOURG,M.Zanevska - Shu.Zhang,GAMES,-20.5,2.05,,2022-05-16 09:00:00,1.917,2.009,2.04
,WTA-STRASBOURG,D.Parry - A.Kerber,AWAY_HANDI,-4.5,2.05,,2022-05-16 09:00:00,1.917,2.009,2.04
,WTA-STRASBOURG,E.Jacquemot - H.Watson,GAMES,-20.5,2.05,,2022-05-16 09:00:00,1.926,2.018,1.59
,WTA-STRASBOURG,A.Konjuh - O.Dodin,GAMES,-21.5,1.8,,2022-05-16 09:00:00,1.704,1.776,1.35
,WTA-STRASBOURG,E.Mertens - C.Monnet,HOME_HANDI,-5.5,1.47,,2022-05-16 09:00:00,1.402,1.451,1.31
,ATP-LYON,A.Rinderknech - H.V.N.Rune,AWAY_HANDI,-4.5,2,,2022-05-15 14:30:00,1.885,1.978,1.11
,WTA-STRASBOURG,Car.Garcia - F.Ferro,GAMES,-20.5,2.05,,2022-05-16 09:00:00,1.935,2.028,1.08
,WTA-STRASBOURG,E.Mertens - C.Monnet,HOME_HANDI,-6.5,1.9,,2022-05-16 09:00:00,1.8,1.882,0.96
,ATP-GENEVA,T.Paul - T.Griekspoor,GAMES,21.5,1.75,,2022-05-15 13:00:00,1.68,1.741,0.52
,ATP-LYON,L.Pouille - O.Otte,GAMES,21.5,1.85,,2022-05-16 10:00:00,1.763,1.841,0.49
,ATP-LYON,A.Molcan - J.Tsonga,GAMES,21.5,1.9,,2022-05-16 10:00:00,1.813,1.893,0.37
,WTA-STRASBOURG,D.Parry - A.Kerber,AWAY_HANDI,-5.5,2.5,,2022-05-16 09:00:00,2.35,2.491,0.36
,WTA-RABAT,I.Burillo E. - A.Tomljanovic,1X2,2,1.2,,2022-05-15 15:15:00,1.172,1.196,0.33
,WTA-STRASBOURG,Car.Garcia - F.Ferro,HOME_HANDI,1.5,1.85,,2022-05-16 09:00:00,1.769,1.844,0.33
,ATP-LYON,L.Pouille - O.Otte,HOME_HANDI,2.5,2.3,,2022-05-16 10:00:00,2.17,2.293,0.31
,ATP-LYON,A.Rinderknech - H.V.N.Rune,1X2,2,1.28,,2022-05-15 14:30:00,1.249,1.276,0.31
,ATP-LYON,B.Bonzi - S.Baez,GAMES,20.5,1.7,,2022-05-16 10:00:00,1.629,1.696,0.24
,ATP-LYON,A.Molcan - J.Tsonga,GAMES,20.5,1.7,,2022-05-16 10:00:00,1.633,1.698,0.12
,WTA-PARIS,Claire Liu - Beatriz Haddad Maia,1X2,1,1.95,,2022-05-15 13:00:00,1.855,1.948,0.1
,ATP-LYON,L.Pouille - O.Otte,1X2,1,2.9,,2022-05-16 10:00:00,2.76,2.897,0.1
,ATP-GENEVA,F.Bagnis - V.Sachko,1X2_SET1,2,3.2,,2022-05-15 11:30:00,3,3.199,0.03
,ATP-LYON,F.Cerundolo - J.Duckworth,GAMES,19.5,1.95,,2022-05-15 11:30:00,1.877,1.955,-0.26
,ATP-ROME,N.Djokovic - S.Tsitsipas,GAMES,23.5,2.15,,2022-05-15 15:00:00,2.07,2.156,-0.28
,ATP-LYON,L.Pouille - O.Otte,HOME_HANDI,3.5,1.9,,2022-05-16 10:00:00,1.826,1.909,-0.47
,WTA-STRASBOURG,E.Mertens - C.Monnet,1X2,1,1.08,,2022-05-16 09:00:00,1.068,1.087,-0.64
,ATP-ROME,N.Djokovic - S.Tsitsipas,GAMES,21.5,1.7,,2022-05-15 15:00:00,1.658,1.712,-0.7
,ATP-LYON,A.Mannarino - A.Karatsev,1X2,2,1.3,,2022-05-15 13:00:00,1.286,1.31,-0.76
,ATP-LYON,F.Cerundolo - J.Duckworth,HOME_HANDI,-5.5,1.8,,2022-05-15 11:30:00,1.746,1.816,-0.88
,ATP-LYON,F.Cerundolo - J.Duckworth,AWAY_HANDI,6.5,1.45,,2022-05-15 11:30:00,1.418,1.463,-0.89
,WTA-STRASBOURG,B.Pera - G.Ruse,GAMES,-20.5,2,,2022-05-16 09:00:00,1.926,2.018,-0.89
,ATP-GENEVA,B.Paire - E.Ruusuvuori,1X2_SET1,2,1.57,,2022-05-16 13:00:00,1.543,1.585,-0.95
,ATP-ROME,N.Djokovic - S.Tsitsipas,GAMES,22.5,1.95,,2022-05-15 15:00:00,1.893,1.969,-0.96
,ATP-GENEVA,R.Gasquet - J.Millman,1X2_SET1,2,2.18,,2022-05-16 13:00:00,2.12,2.202,-1
,WTA-STRASBOURG,B.Pera - G.Ruse,HOME_HANDI,-2.5,2.2,,2022-05-16 09:00:00,2.11,2.223,-1.03
,WTA-STRASBOURG,Ka.Pliskova - M.Kostyuk,GAMES,-21.5,1.9,,2022-05-16 09:00:00,1.84,1.921,-1.09
,WTA-STRASBOURG,E.Jacquemot - H.Watson,HOME_HANDI,-2.5,2.15,,2022-05-16 09:00:00,2.07,2.175,-1.15
,WTA-ROME,I.Świątek - O.Jabeur,GAMES,-19.5,1.8,,2022-05-15 12:00:00,1.769,1.821,-1.15
,ATP-GENEVA,R.Gasquet - J.Millman,AWAY_HANDI,2.5,1.9,,2022-05-16 13:00:00,1.84,1.926,-1.35
,ATP-GENEVA,F.Delbonis - R.Berankis,1X2,1,1.35,,2022-05-16 13:00:00,1.338,1.369,-1.39
,WTA-STRASBOURG,Y.Morderger - E.Makarova (1988),1X2,2,1.42,,2022-05-15 10:15:00,1.397,1.44,-1.39
,ATP-ROME,N.Djokovic - S.Tsitsipas,1X2,1,1.45,,2022-05-15 15:00:00,1.441,1.471,-1.43
,ATP-LYON,A.Molcan - J.Tsonga,1X2_SET1,2,3.55,,2022-05-16 10:00:00,3.4,3.607,-1.58
,WTA-RABAT,I.Burillo E. - A.Tomljanovic,AWAY_HANDI,-4.5,1.53,,2022-05-15 15:15:00,1.5,1.555,-1.61
,ATP-LYON,F.Cerundolo - J.Duckworth,GAMES,18.5,1.7,,2022-05-15 11:30:00,1.667,1.728,-1.62
,WTA-ROME,I.Świątek - O.Jabeur,GAMES,-18.5,2.15,,2022-05-15 12:00:00,2.11,2.187,-1.69
,WTA-RABAT,I.Burillo E. - A.Tomljanovic,AWAY_HANDI,-5.5,1.85,,2022-05-15 15:15:00,1.8,1.882,-1.7
,WTA-STRASBOURG,M.Linette - V.Gracheva,GAMES,-21.5,1.9,,2022-05-15 12:15:00,1.847,1.934,-1.76
,ATP-LYON,S.W.Kwon - A.Bedene,HOME_HANDI,-3.5,1.9,,2022-05-16 10:00:00,1.847,1.934,-1.76
,ATP-LYON,F.Cerundolo - J.Duckworth,1X2,1,1.1,,2022-05-15 11:30:00,1.102,1.12,-1.79
,ATP-ROME,N.Djokovic - S.Tsitsipas,AWAY_GAMES,11.5,1.8,,2022-05-15 15:00:00,1.758,1.834,-1.85
,WTA-STRASBOURG,Car.Garcia - F.Ferro,1X2,1,2,,2022-05-16 09:00:00,1.971,2.038,-1.86
,WTA-STRASBOURG,Ha.Tan - S.Stosur,1X2,1,1.2,,2022-05-15 11:00:00,1.202,1.223,-1.88
,ATP-GENEVA,B.Hassan - C.O'Connell,1X2_SET1,1,3.55,,2022-05-15 10:00:00,3.35,3.618,-1.88
,ATP-LYON,S.W.Kwon - A.Bedene,1X2,1,1.4,,2022-05-16 10:00:00,1.394,1.428,-1.96
,WTA-ROME,I.Świątek - O.Jabeur,1X2,1,1.2,,2022-05-15 12:00:00,1.208,1.226,-2.12
,ATP-GENEVA,F.Bagnis - V.Sachko,GAMES,20.5,1.8,,2022-05-15 11:30:00,1.769,1.84,-2.17
,ATP-LYON,B.Bonzi - S.Baez,AWAY_HANDI,-3.5,1.8,,2022-05-16 10:00:00,1.763,1.841,-2.23
,WTA-STRASBOURG,A.Konjuh - O.Dodin,HOME_HANDI,-3.5,2,,2022-05-16 09:00:00,1.952,2.046,-2.25
,WTA-PARIS,Claire Liu - Beatriz Haddad Maia,GAMES,21.5,1.8,,2022-05-15 13:00:00,1.758,1.842,-2.28
,WTA-RABAT,I.Burillo E. - A.Tomljanovic,1X2_SET1,2,1.28,,2022-05-15 15:15:00,1.274,1.31,-2.29
,WTA-RABAT,Y.Cavalle-R. - Xia.You,1X2_SET1,1,1.53,,2022-05-15 12:00:00,1.515,1.566,-2.3
,ATP-GENEVA,P.Andujar A. - J.Sousa,1X2,1,1.65,,2022-05-16 13:00:00,1.641,1.689,-2.31
,ATP-LYON,L.Pouille - O.Otte,HOME_HANDI,4.5,1.5,,2022-05-16 10:00:00,1.481,1.536,-2.34
,ATP-GENEVA,B.Paire - E.Ruusuvuori,1X2,2,1.5,,2022-05-16 13:00:00,1.498,1.537,-2.41
,WTA-STRASBOURG,E.Mertens - C.Monnet,GAMES,-18.5,1.77,,2022-05-16 09:00:00,1.741,1.814,-2.43
,ATP-LYON,D.Altmaier - F.Coria,1X2_SET1,1,1.88,,2022-05-16 10:00:00,1.87,1.928,-2.49
,ATP-GENEVA,M.Cecchinato - P.Cuevas,1X2,2,1.55,,2022-05-15 11:00:00,1.538,1.59,-2.52
,WTA-STRASBOURG,M.Linette - V.Gracheva,1X2,1,1.85,,2022-05-15 12:15:00,1.84,1.899,-2.58
,ATP-GENEVA,F.Delbonis - R.Berankis,1X2_SET1,1,1.42,,2022-05-16 13:00:00,1.422,1.458,-2.61
,WTA-STRASBOURG,Y.Morderger - E.Makarova (1988),AWAY_HANDI,-3.5,1.75,,2022-05-15 10:15:00,1.73,1.797,-2.62
,WTA-STRASBOURG,M.Zanevska - Shu.Zhang,AWAY_HANDI,-1.5,1.85,,2022-05-16 09:00:00,1.82,1.901,-2.68
,ATP-LYON,A.Molcan - J.Tsonga,1X2,1,1.2,,2022-05-16 10:00:00,1.21,1.235,-2.83
,WTA-STRASBOURG,D.Saville - A.Friedsam,1X2,1,1.4,,2022-05-16 09:00:00,1.408,1.442,-2.91
,WTA-STRASBOURG,M.Zanevska - Shu.Zhang,1X2_SET1,2,1.75,,2022-05-16 09:00:00,1.735,1.803,-2.94
,ATP-LYON,B.Bonzi - S.Baez,HOME_HANDI,4.5,1.57,,2022-05-16 10:00:00,1.556,1.618,-2.97
,ATP-LYON,B.Bonzi - S.Baez,1X2,2,1.37,,2022-05-16 10:00:00,1.379,1.412,-2.97
,TUR,Konyaspor - Hatayspor,Y1X2,1,4.4,cb8a9b1a,2022-05-15 17:00:00,2.6,2.8,57.14
,TUR,Fenerbahce - F.Karagumruk,Y1X2,1,4.6,249fae2f,2022-05-15 17:00:00,2.9,3.141,46.45
,NED,AZ Alkmaar - Waalwijk,Y1X2,2,2.8,327a1696,2022-05-15 13:30:00,1.92,2.018,38.75
,TUR,Alanyaspor - Gaziantep,Y1X2,1,4,7d17bc39,2022-05-15 17:00:00,2.8,3.024,32.28
,TUR,Trabzonspor - Altay Izmir,Y1X2,1,4.5,474ef775,2022-05-15 14:00:00,3.3,3.641,23.59
,TUR,Goztepe SK - Besiktas,Y1X2,2,2.9,3eb9c277,2022-05-15 14:00:00,2.25,2.411,20.28
,NED,Feyenoord - Twente Enschede,Y1X2,1,3.6,d9064ba0,2022-05-15 13:30:00,2.9,3.135,14.83
,NED,Vitesse - Ajax,YELLOW,3.5,2.9,ab2f97ce,2022-05-15 13:30:00,2.35,2.536,14.35
,NED,Heerenveen - G.A. Eagles,Y1X2,1,3.3,8df6b436,2022-05-15 13:30:00,2.7,2.913,13.29
,NED,Willem II - Utrecht,Y1X2,2,2.25,4e6ed691,2022-05-15 13:30:00,1.92,2.021,11.33
,NED,Vitesse - Ajax,YELLOW,2.5,1.85,686e4a67,2022-05-15 13:30:00,1.57,1.664,11.18
,ITA,Bologna - Sassuolo,YELLOW,4.5,2.1,d13c1abb,,1.77,1.892,10.99
,NED,Groningen - Cambuur,YELLOW,-2.5,2.1,95027861,2022-05-15 13:30:00,1.78,1.897,10.7
,ITA,Bologna - Sassuolo,YELLOW,3.5,1.55,c951cf5f,,1.33,1.404,10.4
,NED,Zwolle - PSV,Y1X2,2,3.25,30ebe51a,2022-05-15 13:30:00,2.75,2.957,9.91
,ESP,Bilbao - Osasuna,FOULS,24.5,1.8,ae8e7430,,1.55,1.652,8.96
,TUR,Goztepe SK - Besiktas,YELLOW,-6.5,1.55,e6e4823f,2022-05-15 14:00:00,1.36,1.427,8.62
,ESP,Villarreal - Sociedad,HOME_YELLOW,-2.5,2.15,2b8f1c9a,,1.87,2,7.5
,NED,Groningen - Cambuur,YELLOW,-3.5,1.47,e62c2675,2022-05-15 13:30:00,1.3,1.368,7.46
,TUR,Konyaspor - Hatayspor,YELLOW,-4.5,1.55,201efcc8,2022-05-15 17:00:00,1.38,1.449,6.97
,ESP,Villarreal - Sociedad,AWAY_YELLOW,-2.5,2.15,40809422,,1.87,2.012,6.86
,TUR,Konyaspor - Hatayspor,YELLOW,-3.5,2.2,fd57c7cb,2022-05-15 17:00:00,1.93,2.065,6.54
,TUR,Goztepe SK - Besiktas,YELLOW,-5.5,2,4a5b95b1,2022-05-15 14:00:00,1.77,1.878,6.5
,ESP,Bilbao - Osasuna,OFFSIDES,3.5,1.8,be11458b,,1.6,1.694,6.26
,ITA,AC Milan - Atalanta,YELLOW,5.5,1.8,bb5578f3,,1.6,1.694,6.26
,TUR,Trabzonspor - Altay Izmir,YELLOW,-4.5,1.5,7e8a6780,2022-05-15 14:00:00,1.35,1.416,5.93
,ESP,Villarreal - Sociedad,YELLOW,-5.5,1.85,ec193116,,1.65,1.753,5.53
,TUR,Alanyaspor - Gaziantep,YELLOW,-4.5,1.7,e0977444,2022-05-15 17:00:00,1.53,1.617,5.13
,ITA,AC Milan - Atalanta,YELLOW,4.5,1.38,3cbd6d2d,,1.25,1.317,4.78
,NED,Vitesse - Ajax,YELLOW,1.5,1.3,4d84bc7a,2022-05-15 13:30:00,1.2,1.241,4.75
,TUR,Fenerbahce - F.Karagumruk,YELLOW,3.5,1.45,f5b4c6c9,2022-05-15 17:00:00,1.33,1.394,4.02
,ESP,Mallorca - Rayo Vallecano,YELLOW,5.5,2.05,c198d0d5,,1.85,1.972,3.96
,TUR,Trabzonspor - Altay Izmir,YELLOW,-3.5,2.05,ec2f9475,2022-05-15 14:00:00,1.87,2,2.5
,ITA,Cagliari - Inter M.,YELLOW,3.5,1.4,f40a8d8c,,1.3,1.368,2.34
,ESP,Atl.Madryt - Sevilla,AWAY_FOULS,12.5,1.7,066c875d,,1.57,1.664,2.16
,ITA,Cagliari - Inter M.,YELLOW,4.5,1.85,af2b3e1c,,1.7,1.817,1.82
,ESP,Mallorca - Rayo Vallecano,YELLOW,4.5,1.52,7d552695,,1.42,1.499,1.4
,ITA,Napoli - Genoa,YELLOW,3.5,1.47,23c5cda4,,1.37,1.45,1.38
,ITA,Cagliari - Inter M.,OFFSIDES,2.5,1.6,bdf6ab51,,1.5,1.589,0.69
,ENG,Everton - Brentford,OFFSIDES,-3.5,1.65,7dd9f779,,1.55,1.64,0.61
,NED,NEC - Fortuna S.,Y1X2,2,1.9,f8270b8e,2022-05-15 13:30:00,1.8,1.892,0.42
,ENG,Watford - Leicester,FOULS,19.5,1.67,3453108b,,1.57,1.664,0.36
,ENG,Watford - Leicester,FOULS,20.5,1.95,ae84537d,,1.82,1.944,0.31
,ITA,Bologna - Sassuolo,FOULS,25.5,1.85,cb801f1c,,1.72,1.849,0.05
,ITA,Napoli - Genoa,YELLOW,4.5,2,e68813a9,,1.87,2,0
,ITA,Cagliari - Inter M.,OFFSIDES,1.5,1.22,b8653a58,,1.18,1.223,-0.25
,ENG,Everton - Brentford,OFFSIDES,-4.5,1.27,a5a881dc,,1.22,1.274,-0.31
,ITA,AC Milan - Atalanta,AWAY_FOULS,14.5,1.75,f320d563,,1.67,1.764,-0.79
,ESP,Atl.Madryt - Sevilla,SHOTS_ON_TARGET,6.5,1.65,445f58b5,,1.57,1.664,-0.84
,ITA,AC Milan - Atalanta,HOME_FOULS,-13.5,1.85,09e0a42d,,1.75,1.867,-0.91
,ESP,Bilbao - Osasuna,YELLOW,4.5,1.85,1c6690ca,,1.75,1.867,-0.91
,TUR,Fenerbahce - F.Karagumruk,YELLOW,4.5,1.9,25bd7c05,2022-05-15 17:00:00,1.8,1.918,-0.94
,ESP,Bilbao - Osasuna,YELLOW,3.5,1.4,cb91f0fa,,1.35,1.416,-1.13
,POR,Famalicao - Braga,YELLOW,-4.5,1.55,b0e9c3e9,2022-05-15 18:00:00,1.48,1.568,-1.15
,ITA,AC Milan - Atalanta,YELLOW,6.5,2.3,dc8157f5,,2.15,2.328,-1.2
,ENG,Watford - Leicester,FOULS,21.5,2.3,4ca7ea4c,,2.15,2.328,-1.2
,ENG,Everton - Brentford,FOULS,-21.5,1.62,9c1e9ba2,,1.55,1.64,-1.22
,ITA,AC Milan - Atalanta,OFFSIDES,2.5,1.35,3d0f4926,,1.3,1.368,-1.32
,ESP,Cadiz - Real Madryt,OFFSIDES,2.5,1.38,baab6df2,,1.33,1.399,-1.36
,ESP,Villarreal - Sociedad,YELLOW,-6.5,1.4,07ce006b,,1.35,1.421,-1.48
,ITA,AC Milan - Atalanta,HOME_YELLOW,2.5,1.8,fac560ed,,1.72,1.829,-1.59
,ESP,Getafe - Barcelona,OFFSIDES,3.5,1.45,a7ba14b0,,1.4,1.474,-1.63
,TUR,Alanyaspor - Gaziantep,YELLOW,-3.5,2.4,bd031e93,2022-05-15 17:00:00,2.25,2.441,-1.68
,ESP,Betis - Granada,SHOTS_ON_TARGET,8.5,1.6,8860f404,,1.53,1.629,-1.78
,ESP,Mallorca - Rayo Vallecano,FOULS,28.5,1.75,78ee1c76,,1.67,1.782,-1.8
,ESP,Atl.Madryt - Sevilla,FOULS,26.5,1.75,570c1c93,,1.67,1.782,-1.8
,NED,Heracles - Sparta R.,YELLOW,2.5,1.55,fb39b74f,2022-05-15 13:30:00,1.5,1.579,-1.84
,NED,NEC - Fortuna S.,YELLOW,3.5,1.72,1d6b955e,2022-05-15 13:30:00,1.65,1.753,-1.88
,NED,Zwolle - PSV,YELLOW,1.5,1.3,1f1253b7,2022-05-15 13:30:00,1.27,1.332,-2.4
,NED,NEC - Fortuna S.,YELLOW,2.5,1.3,92f56586,2022-05-15 13:30:00,1.27,1.332,-2.4
,ENG,Leeds - Brighton,OFFSIDES,2.5,1.6,84375f0d,,1.55,1.64,-2.44
,ESP,Villarreal - Sociedad,YELLOW,-4.5,2.5,164a845a,,2.35,2.563,-2.46
,ESP,Getafe - Barcelona,FOULS,27.5,1.95,5baafe34,,1.87,2,-2.5
,ESP,Betis - Granada,FOULS,-25.5,1.95,8f82eb2e,,1.87,2,-2.5
,TUR,Konyaspor - Hatayspor,Y1X2,0.5,4.75,cb8a9b1a,2022-05-15 17:00:00,4.3,4.875,-2.56
,ITA,AC Milan - Atalanta,OFFSIDES,3.5,1.75,ec8a9ea4,,1.7,1.798,-2.67
,ESP,Atl.Madryt - Sevilla,YELLOW,5.5,1.75,3ed07d97,,1.7,1.798,-2.67
,ENG,Tottenham - Burnley,OFFSIDES,-4.5,1.35,433c9587,,1.32,1.389,-2.81
,ENG,West Ham - Manchester City,OFFSIDES,2.5,1.37,8924c3cc,,1.33,1.41,-2.84
,ENG,Watford - Leicester,OFFSIDES,2.5,1.42,85275d3d,,1.38,1.463,-2.94
,POL,Mielec - Śląsk,1X2,0.5,3.4,b3e11397,2022-05-15 11:30:00,3.06,3.144,8.14
,ITA,AC Milan - Atalanta,YELLOW,5.5,1.8,bb5578f3,,1.602,1.704,5.63
,TUR,Kasimpasa - Antaliaspor,CORNERS_H1,4.5,2.2,a72e8de6,2022-05-15 17:00:00,1.962,2.083,5.62
,ALG,MC Alger - USM Alger,1X2,0.5,2.9,405fa0dc,2022-05-15 19:00:00,2.51,2.767,4.81
,POL,Górnik Z. - Łęczna,1X2,1,1.6,7a679ff6,2022-05-15 14:00:00,1.51,1.534,4.3
,ENG,Aston Villa - Crystal Palace,GOALS,-1.5,3.75,0f29cda5,2022-05-15 14:00:00,3.37,3.608,3.94
,JPN,Urawa Red Diamonds - Yokohama F. Marinos,1X2,2,2.75,0565fa35,2022-05-18 11:30:00,2.57,2.649,3.81
,POL2,Polkowice - Resovia,AWAY_GOALS,1.5,2.7,66108019,2022-05-16 17:00:00,2.45,2.604,3.69
,TUR,Fenerbahce - F.Karagumruk,CORNERS_H1,4.5,2.2,d54ac61f,2022-05-15 17:00:00,2.01,2.132,3.19
,NED,AZ Alkmaar - Waalwijk,CORNERS_H1,4.5,2.2,545bef9f,2022-05-15 13:30:00,1.98,2.133,3.14
,ESP,Villarreal - Sociedad,YELLOW,5.5,1.85,ec193116,,1.694,1.799,2.83
,POL2,Legnica - Widzew Ł.,1X2,2,3.1,ad0ac41f,2022-05-15 11:40:00,2.92,3.017,2.75
,ENG,Tottenham - Burnley,YELLOW,3.5,1.8,4c1ed994,,1.649,1.752,2.74
,NED,NEC - Fortuna S.,CORNERS,-8.5,2.8,29f96433,2022-05-15 13:30:00,2.46,2.728,2.64
,ESP2,Oviedo - Zaragoza,HOME_GOALS,1.5,1.95,59913563,2022-05-16 20:00:00,1.826,1.9,2.63
,POR2,Rio Ave - Chaves,GOALS,-3.5,1.33,ce7c472c,2022-05-15 11:00:00,1.261,1.297,2.54
,ENG,West Ham - Manchester City,HOME_HANDI,1.5,1.8,f4422227,2022-05-15 14:00:00,1.719,1.756,2.51
,TUR,Konyaspor - Hatayspor,CORNERS_H1,4.5,2,02961290,2022-05-15 17:00:00,1.847,1.952,2.46
,ESP,Getafe - Barcelona,YELLOW,5.5,1.9,3f844f7f,,1.752,1.855,2.43
,IRE,Drogheda Utd - Finn Harps,GOALS_H1,-1.5,1.36,fed900f6,2022-05-20 19:45:00,1.253,1.328,2.41
,JPN,Cerezo Osaka - Gamba Osaka,GOALS,3.5,4,5e98c7be,2022-05-21 06:00:00,3.6,3.906,2.41
,SLO,Domzale - Celje,GOALS,-1.5,4.4,6216441f,2022-05-15 14:00:00,3.86,4.297,2.4
,IRE,St. Patrick's Athletic - Shelbourne,GOALS,-1.5,3,cec42048,2022-05-20 19:45:00,2.69,2.936,2.18
,ITA,Bologna - Sassuolo,1X2,0.5,4,b61b58ae,2022-05-15 11:30:00,3.78,3.917,2.12
,JPN,Shonan Bellmare - Vissel Kobe,GOALS,-1.5,3,343df96a,2022-05-21 07:00:00,2.76,2.938,2.11
,SWE2,AFC Eskilstuna - Norrby IF,GOALS,2.5,1.85,ab390512,2022-05-19 18:00:00,1.741,1.814,1.98
,BRA,Coritiba PR - America MG,CORNERS_H1,4.5,1.9,162f8eb7,2022-05-15 21:30:00,1.769,1.864,1.93
,NED,Heerenveen - G.A. Eagles,CORNERS_H1,4.5,1.95,17eef613,2022-05-15 13:30:00,1.82,1.915,1.83
,KOR,Incheon United - Daegu,1X2,2,3,9c317bfb,2022-05-17 11:30:00,2.87,2.949,1.73
,POL2,Legnica - Widzew Ł.,AWAY_GOALS,1.5,2.9,5d75773e,2022-05-15 11:40:00,2.7,2.851,1.72
,JPN2,Mito Hollyhock - Iwate Grulla Morioka,GOALS_H1,-1.5,1.36,9e754e9f,2022-05-21 08:00:00,1.256,1.34,1.49
,POR2,Estrela Amadora - Covilha,GOALS,-3.5,1.33,c1d51d85,2022-05-15 15:30:00,1.275,1.311,1.45
,IRE,St. Patrick's Athletic - Shelbourne,GOALS,-2.5,1.7,941bc138,2022-05-20 19:45:00,1.602,1.676,1.43
,SUI,Luzern - Young Boys,HOME_GOALS,-1.5,1.7,e40de587,2022-05-19 19:30:00,1.606,1.676,1.43
,ESP,Bilbao - Osasuna,1X2,1,1.65,5d6e5fef,2022-05-15 18:30:00,1.606,1.628,1.35
,ENG,West Ham - Manchester City,AWAY_GOALS,-2.5,1.65,88b7ea37,2022-05-15 14:00:00,1.592,1.628,1.35
,ITA,Napoli - Genoa,YELLOW,4.5,2,e68813a9,,1.87,1.974,1.32
,MOR,Chabab Mohammedia - Maghreb AS de Fes,1X2,0.5,2.65,839fee96,2022-05-15 18:15:00,2.45,2.617,1.26
,JPN,FC Tokyo - Kashiwa Reysol,GOALS,-1.5,3,ec74fd3b,2022-05-21 07:00:00,2.77,2.964,1.21
,ENG,Wolverhampton - Norwich,1X2,1,1.47,36ffc14f,2022-05-15 14:00:00,1.431,1.453,1.17
,ENG,Everton - Brentford,AWAY_HANDI,1.5,1.3,9267af25,2022-05-15 16:30:00,1.262,1.285,1.17
,POL2,Nowy Sącz - Głogów,GOALS,-2.5,1.85,4f717b3d,2022-05-15 14:00:00,1.769,1.829,1.15
,NED,NEC - Fortuna S.,GOALS,2.5,1.6,e475f82b,2022-05-15 13:30:00,1.541,1.582,1.14
,USL,Phoenix Rising - Tampa Bay Rowdies,1X2,2,3.3,60d6944e,2022-05-16 03:00:00,3.05,3.265,1.07
,IRE,St. Patrick's Athletic - Shelbourne,GOALS,-3.5,1.25,3ce1e846,2022-05-20 19:45:00,1.192,1.237,1.05
,ESP2,Oviedo - Zaragoza,AWAY_HANDI,1.5,1.47,c8788524,2022-05-16 20:00:00,1.41,1.455,1.03
,ENG,West Ham - Manchester City,GOALS,-2.5,2.6,3501b9d2,2022-05-15 14:00:00,2.48,2.576,0.93
,JPN2,Albirex Niigata - Yokohama,GOALS,-1.5,3.2,9d043c11,2022-05-21 06:00:00,2.93,3.172,0.88
,NED,AZ Alkmaar - Waalwijk,CORNERS,9.5,2.1,c22a552b,2022-05-15 13:30:00,1.952,2.082,0.86
,ENG,West Ham - Manchester City,GOALS,-3.5,1.65,3501b9d2,2022-05-15 14:00:00,1.599,1.636,0.86
,ESP,Mallorca - Rayo Vallecano,HOME_GOALS,-1.5,1.85,12fa4924,2022-05-15 18:30:00,1.787,1.835,0.82
,POL,Radomiak - W.Kraków,CORNERS,-9.5,2.4,5b0bb142,,2.22,2.382,0.76
,ENG,Tottenham - Burnley,1X2,1,1.35,6a0c74b2,2022-05-15 12:00:00,1.325,1.34,0.75
,POL2,Nowy Sącz - Głogów,GOALS,-3.5,1.32,4f717b3d,2022-05-15 14:00:00,1.275,1.311,0.69
,JPN,Vissel Kobe - Kawasaki Frontale,1X2,2,1.95,a9b1eb5d,2022-05-18 11:00:00,1.893,1.937,0.67
,JPN,FC Tokyo - Kashiwa Reysol,GOALS,-3.5,1.25,09cc8931,2022-05-21 07:00:00,1.206,1.242,0.64
,JPN2,Albirex Niigata - Yokohama,GOALS,-3.5,1.28,3acad588,2022-05-21 06:00:00,1.231,1.272,0.63
,ENG,Aston Villa - Crystal Palace,HOME_GOALS,-1.5,1.75,eddba4a0,2022-05-15 14:00:00,1.69,1.74,0.57
,SWE2,Landskrona Bois - Brommapojkarna,GOALS,-3.5,1.47,1c426552,2022-05-15 12:00:00,1.417,1.462,0.55
,ENG,Wolverhampton - Norwich,HOME_GOALS,1.5,1.65,69b1305c,2022-05-15 14:00:00,1.595,1.641,0.55
,ARG2,Independ. Rivadavia - Atletico Rafaela,1X2,0.5,3,b9ae53ba,2022-05-15 21:00:00,2.85,2.984,0.54
,POL2,Polkowice - Resovia,GOALS,2.5,2.08,c029989e,2022-05-16 17:00:00,1.98,2.07,0.48
,BRA2,Guarani SP - Vasco Da Gama RJ,GOALS,-0.5,6.5,71410b46,2022-05-20 01:30:00,5.55,6.47,0.46
,ARG2,Gimnasia y E. Jujuy - CA Belgrano,1X2,0.5,2.9,01c0e74b,2022-05-15 23:10:00,2.77,2.887,0.45
,POL,Górnik Z. - Łęczna,HOME_GOALS,1.5,1.6,37143ce8,2022-05-15 14:00:00,1.552,1.593,0.44
,POL2,Polkowice - Resovia,1X2,2,2.65,db526edf,2022-05-16 17:00:00,2.54,2.64,0.38
,IRE,Bohemians Dublin - Sligo Rovers,GOALS,2.5,2.25,369c39e3,2022-05-20 19:45:00,2.11,2.242,0.36
,ENG,Watford - Leicester,1X2,2,1.88,f452d110,2022-05-15 14:00:00,1.84,1.874,0.32
,JPN,Shonan Bellmare - Vissel Kobe,GOALS,-3.5,1.25,cdea6504,2022-05-21 07:00:00,1.213,1.246,0.32
,JPN,Sanfrecce Hiroshima - Kyoto Sanga,1X2,1,1.75,03cd921c,2022-05-21 05:00:00,1.704,1.745,0.29
,CRO,Sibenik - Dinamo Z.,AWAY_GOALS,2.5,2.15,ce085838,2022-05-15 18:05:00,2.03,2.144,0.28
,ENG,Everton - Brentford,YELLOW,3.5,1.85,8ca3b550,,1.741,1.845,0.27
,JPN,Cerezo Osaka - Gamba Osaka,1X2,1,1.85,f70e24b9,2022-05-21 06:00:00,1.806,1.846,0.22
,NED,AZ Alkmaar - Waalwijk,GOALS,-5.5,1.18,d19b618e,2022-05-15 13:30:00,1.15,1.178,0.17
,GER2,Darmstadt - Paderborn,GOALS,-5.5,1.22,058e2b28,2022-05-15 14:30:00,1.19,1.218,0.16
,ENG,Tottenham - Burnley,HOME_HANDI,-1.5,1.98,3deb3ea3,2022-05-15 12:00:00,1.935,1.977,0.15
,MLS,Minnesota Utd - LA Galaxy,GOALS,-2.5,2.1,a746e3a2,2022-05-19 01:00:00,2.03,2.097,0.14
,NOR,Bodo/Glimt - Tromso,AWAY_HANDI,1.5,1.7,0ade8935,2022-05-16 17:00:00,1.658,1.698,0.12
,SWE,Hacken - Kalmar FF,1X2,1,1.87,779a288a,2022-05-15 14:00:00,1.833,1.868,0.11
,IRE,Bohemians Dublin - Sligo Rovers,1X2,1,2.1,e0fff731,2022-05-20 19:45:00,2.02,2.098,0.1
,TUR,Alanyaspor - Gaziantep,CORNERS_H1,4.5,1.95,a2124c76,2022-05-15 17:00:00,1.847,1.948,0.1
,GER2,Nurnberg - Schalke 04,GOALS,-5.5,1.16,4cb46d4c,2022-05-15 14:30:00,1.135,1.159,0.09
,SWE2,Landskrona Bois - Brommapojkarna,GOALS,-4.5,1.18,1d8ccda1,2022-05-15 12:00:00,1.151,1.179,0.08
,MLS,Atlanta Utd - New England,GOALS,-4.5,1.22,aee9ac7f,2022-05-15 18:30:00,1.191,1.219,0.08
,NED,NEC - Fortuna S.,HOME_GOALS,1.5,1.8,65a055bd,2022-05-15 13:30:00,1.746,1.799,0.06
,GER2,Werder B. - Regensburg,GOALS_H1,1.5,1.9,879b417c,2022-05-15 14:30:00,1.84,1.899,0.05
,POL2,Polkowice - Resovia,GOALS,3.5,3.7,c029989e,2022-05-16 17:00:00,3.37,3.698,0.05
,GER2,Darmstadt - Paderborn,AWAY_GOALS,-1.5,1.55,005f367b,2022-05-15 14:30:00,1.51,1.55,0
,JPN,Sagan Tosu - Kawasaki Frontale,1X2,1,3.4,91419b28,2022-05-21 09:00:00,3.26,3.402,-0.06
,MLS,Philadelphia U. - Inter Miami,GOALS_H1,-1.5,1.5,fd364f8d,2022-05-19 00:30:00,1.433,1.501,-0.07
,NED,Heerenveen - G.A. Eagles,GOALS,-4.5,1.22,ce9baf2d,2022-05-15 13:30:00,1.193,1.221,-0.08
,NED,AZ Alkmaar - Waalwijk,HOME_GOALS,-2.5,2.1,f1df5a49,2022-05-15 13:30:00,2.02,2.102,-0.1
,SUI,Servette - Basel,1X2,2,2.03,2e3dede9,2022-05-19 19:30:00,1.971,2.032,-0.1
,ENG,Aston Villa - Crystal Palace,GOALS,-2.5,1.88,0f29cda5,2022-05-15 14:00:00,1.833,1.882,-0.11
,ENG,Wolverhampton - Norwich,GOALS,2.5,1.88,c76487a1,2022-05-15 14:00:00,1.826,1.883,-0.16
,IRE,St. Patrick's Athletic - Shelbourne,1X2,1,1.8,82cefbdb,2022-05-20 19:45:00,1.741,1.803,-0.17
,ITA,Cagliari - Inter M.,AWAY_GOALS,-2.5,1.65,1973f27c,2022-05-15 19:45:00,1.613,1.653,-0.18
,NED,NEC - Fortuna S.,CORNERS,-10.5,1.7,af67808d,2022-05-15 13:30:00,1.61,1.703,-0.18
,ENG,Leeds - Brighton,1X2,2,2.7,210cc0d3,2022-05-15 14:00:00,2.65,2.705,-0.18
,NED,Zwolle - PSV,GOALS,3.5,1.95,06ebe7e5,2022-05-15 13:30:00,1.901,1.954,-0.2
,JPN2,Tokushima Vortis - Tochigi,GOALS,-2.5,1.4,22b837ad,2022-05-21 06:00:00,1.341,1.403,-0.21
,ITA,AC Milan - Atalanta,1X2,1,1.85,03a8474e,2022-05-15 17:00:00,1.826,1.854,-0.22
,HUN,Kisvarda - Zalaegerszeg,AWAY_HANDI,1.5,1.37,33a5ce12,2022-05-15 15:00:00,1.331,1.374,-0.29
,SUI,Luzern - Young Boys,GOALS,-3.5,1.7,7f2429e5,2022-05-19 19:30:00,1.641,1.705,-0.29
,ENG,Leeds - Brighton,YELLOW,3.5,1.67,fdb2ff02,,1.571,1.675,-0.3
,IRE,UC Dublin - Shamrock Rovers,1X2,2,1.16,79e9119c,2022-05-19 19:45:00,1.144,1.164,-0.34
,GER2,St.Pauli - Dusseldorf,AWAY_GOALS,-1.5,1.93,5ba57aab,2022-05-15 14:30:00,1.877,1.937,-0.36
,ESP,Betis - Granada,1X2,1,1.57,0c47bfc5,2022-05-15 18:30:00,1.556,1.576,-0.38
,GER2,Nurnberg - Schalke 04,HOME_GOALS,-1.5,1.85,57c7facd,2022-05-15 14:30:00,1.8,1.857,-0.38
,TUR,Giresunspor - Basaksehir FK,1X2,2,1.92,04143fa2,2022-05-15 17:00:00,1.893,1.928,-0.41
,ENG,Chelsea - Leicester,1X2,1,1.37,16723c01,2022-05-19 20:00:00,1.341,1.376,-0.44
,ENG,Aston Villa - Burnley,AWAY_HANDI,1.5,1.35,6240c55c,2022-05-19 20:00:00,1.31,1.356,-0.44
,IRE,Derry City - Dundalk,GOALS,1.5,1.33,4800865c,2022-05-20 19:45:00,1.294,1.336,-0.45
,POL2,Polkowice - Resovia,GOALS_H1,0.5,1.45,ab35b212,2022-05-16 17:00:00,1.408,1.457,-0.48
,NED,NEC - Fortuna S.,1X2,1,2.05,a9339303,2022-05-15 13:30:00,2.02,2.06,-0.49
,POR,Famalicao - Braga,GOALS,-1.5,4.5,f24ba032,2022-05-15 18:00:00,4.16,4.522,-0.49
,POL,Radomiak - W.Kraków,GOALS,-3.5,1.4,9c545f37,2022-05-15 16:30:00,1.37,1.407,-0.5
,SWE2,Orgryte IS - Trelleborgs FF,GOALS,-3.5,1.4,c5684735,2022-05-18 18:00:00,1.357,1.407,-0.5
,ENG,Wolverhampton - Norwich,HOME_HANDI,-1.5,2.35,851ec888,2022-05-15 14:00:00,2.28,2.362,-0.51
,BRA,Sao Paulo SP - Cuiaba MT,CORNERS_H1,4.5,1.95,e9194d3e,2022-05-15 20:00:00,1.862,1.96,-0.51
,ESP2,Mirandes - Ibiza,1X2,1,1.92,02bf8f42,2022-05-15 15:00:00,1.893,1.93,-0.52
,MLS,Vancouver - Dallas,GOALS,-3.5,1.33,9ad683bb,2022-05-19 03:00:00,1.299,1.337,-0.52
,ENG,Everton - Crystal Palace,HOME_GOALS,-1.5,1.7,9e7b4d03,2022-05-19 19:45:00,1.637,1.709,-0.53
,ITA,Sampdoria - Fiorentina,1X2,2,1.85,aaba8a9b,2022-05-16 17:30:00,1.833,1.86,-0.54
,MLS,Philadelphia U. - Inter Miami,1X2,1,1.42,7138bb88,2022-05-19 00:30:00,1.398,1.428,-0.56
,TUR,Trabzonspor - Altay Izmir,1X2,1,1.42,95f1ec94,2022-05-15 14:00:00,1.407,1.428,-0.56
,GER2,Dyn.Drezno - Aue,AWAY_HANDI,1.5,1.4,d7b9806b,2022-05-15 14:30:00,1.376,1.408,-0.57
,POR,Guimaraes - Gil Vicente,CORNERS_H1,4.5,1.85,bdeb59d0,2022-05-15 20:30:00,1.763,1.861,-0.59
,POL,Radomiak - W.Kraków,CORNERS,-10.5,1.85,e871faa3,,1.763,1.861,-0.59
,POL2,Nowy Sącz - Głogów,1X2,1,1.95,e1fa058c,2022-05-15 14:00:00,1.917,1.962,-0.61
,JPN2,Zwiegen Kanazawa - Montedio Yamagata,GOALS,2.5,2.25,04e70ecc,2022-05-21 06:00:00,2.15,2.264,-0.62
,JPN,Cerezo Osaka - Gamba Osaka,GOALS,2.5,2.1,009128c6,2022-05-21 06:00:00,2.04,2.113,-0.62
,POL2,Polkowice - Resovia,1X2_H1,2,3.4,e292ea7f,2022-05-16 17:00:00,3.24,3.422,-0.64
,ESP2,Mirandes - Ibiza,GOALS,-3.5,1.4,a15b7a33,2022-05-15 15:00:00,1.372,1.409,-0.64
,NED,Vitesse - Ajax,AWAY_GOALS,-2.5,1.8,379934e5,2022-05-15 13:30:00,1.758,1.812,-0.66
,GER2,Darmstadt - Paderborn,GOALS,-4.5,1.5,058e2b28,2022-05-15 14:30:00,1.467,1.51,-0.66
,POR,Famalicao - Braga,AWAY_GOALS,-1.5,1.8,38cd37b2,2022-05-15 18:00:00,1.758,1.812,-0.66
,NED,NEC - Fortuna S.,CORNERS,-9.5,2.1,5914ce36,2022-05-15 13:30:00,2,2.114,-0.66
,MLS,Philadelphia U. - Inter Miami,GOALS,-4.5,1.18,e390627c,2022-05-19 00:30:00,1.156,1.188,-0.67
,SUI,Grasshoppers - St. Gallen,HOME_HANDI,-1.5,3.5,1e445165,2022-05-19 19:30:00,3.25,3.524,-0.68
,CHI,Coquimbo Unido - Union Espanola,GOALS,-2.5,1.85,be68a0a9,2022-05-21 00:00:00,1.781,1.863,-0.7
,MLS,Atlanta Utd - New England,GOALS,-3.5,1.55,e88bd6ac,2022-05-15 18:30:00,1.515,1.561,-0.7
,SUI,Grasshoppers - St. Gallen,1X2,1,2,489270e0,2022-05-19 19:30:00,1.952,2.014,-0.7
,ENG,Wolverhampton - Norwich,GOALS_H1,0.5,1.4,4903cf6c,2022-05-15 14:00:00,1.377,1.41,-0.71
,ENG,Everton - Crystal Palace,GOALS,-1.5,3.5,7476d5d8,2022-05-19 19:45:00,3.2,3.525,-0.71
,BIH,Sloboda Tuzla - Borac Banja Luka,1X2,0.5,3,9ab1f5ed,2022-05-15 14:00:00,2.84,3.022,-0.73
,SWE,Goteborg - Varbergs,AWAY_HANDI,1.5,1.35,857f4308,2022-05-15 16:30:00,1.33,1.36,-0.74
,GER2,Sandhausen - Holstein Kiel,HOME_GOALS,-1.5,1.85,6ce43d3d,2022-05-15 14:30:00,1.806,1.864,-0.75
,BRA2,Nautico PE - CSA AL,GOALS,2.5,2.35,70ffa7cd,2022-05-20 01:30:00,2.24,2.368,-0.76
,BRA2,Guarani SP - Vasco Da Gama RJ,GOALS,-3.5,1.18,98f14628,2022-05-20 01:30:00,1.154,1.189,-0.76
,TUR,Trabzonspor - Altay Izmir,CORNERS_H1,4.5,1.95,929a68fb,2022-05-15 14:00:00,1.862,1.965,-0.76
,LE,Eintracht F. - Rangers,GOALS_H1,-1.5,1.42,645fac6d,2022-05-18 20:00:00,1.392,1.431,-0.77
,MLS,Seattle - Minnesota Utd,GOALS,-4.5,1.16,b65c2c14,2022-05-15 21:00:00,1.144,1.169,-0.77
,ENG,Everton - Crystal Palace,GOALS_H1,-1.5,1.4,c339d802,2022-05-19 19:45:00,1.361,1.411,-0.78
,ESP,Celta - Elche,1X2,1,1.5,8a4e767d,2022-05-15 18:30:00,1.488,1.512,-0.79
,ITA,Napoli - Genoa,1X2,1,1.73,6bd484be,2022-05-15 14:00:00,1.719,1.744,-0.8
,MLS,NY Red Bulls - Chicago Fire,GOALS,1.5,1.33,93f1f378,2022-05-19 00:30:00,1.303,1.341,-0.82
,ENG,Aston Villa - Crystal Palace,GOALS,-3.5,1.33,0f29cda5,2022-05-15 14:00:00,1.307,1.341,-0.82
,BRA,Sao Paulo SP - Cuiaba MT,GOALS,1.5,1.45,57a45792,2022-05-15 20:00:00,1.417,1.462,-0.82
,KEN,Nairobi City Stars - Tusker,1X2,0.5,3.1,5de5880d,2022-05-15 13:00:00,2.89,3.126,-0.83
,NED,Heerenveen - G.A. Eagles,AWAY_HANDI,1.5,1.43,088a25f6,2022-05-15 13:30:00,1.407,1.442,-0.83
,NED,Zwolle - PSV,CORNERS,9.5,1.8,e2eed002,2022-05-15 13:30:00,1.73,1.815,-0.83
,SUI,Servette - Basel,GOALS,-3.5,1.65,a4331960,2022-05-19 19:30:00,1.602,1.664,-0.84
,TUR,C.Rizespor - Sivasspor,CORNERS,-10.5,1.53,8b47f359,2022-05-16 18:00:00,1.45,1.543,-0.84
,LAT,Auda - Rigas FS,1X2,2,1.42,1cb42b3a,2022-05-15 12:00:00,1.351,1.432,-0.84
,ENG,Leeds - Brighton,HOME_GOALS,-1.5,1.65,ad72d857,2022-05-15 14:00:00,1.625,1.664,-0.84
,JPN,Shonan Bellmare - Vissel Kobe,1X2,1,2.8,47be3f70,2022-05-21 07:00:00,2.74,2.824,-0.85
,ENG,Aston Villa - Burnley,1X2,1,1.87,045d78c8,2022-05-19 20:00:00,1.826,1.886,-0.85
,JPN2,Mito Hollyhock - Iwate Grulla Morioka,GOALS,-3.5,1.28,48daedd1,2022-05-21 08:00:00,1.256,1.291,-0.85
,ENG,Aston Villa - Crystal Palace,1X2,2,3.7,04a88e08,2022-05-15 14:00:00,3.61,3.732,-0.86
,ESP,Mallorca - Rayo Vallecano,AWAY_HANDI,1.5,1.37,4ea6416a,2022-05-15 18:30:00,1.355,1.382,-0.87
,GER2,Hannover - Ingolstadt,1X2,1,1.7,224744ca,2022-05-15 14:30:00,1.685,1.715,-0.87
,NOR,Kristiansund - Stromsgodset,HOME_GOALS,1.5,2.05,0fc32675,2022-05-16 17:00:00,2,2.068,-0.87
,SUI,Grasshoppers - St. Gallen,AWAY_GOALS,-1.5,1.6,e3918c70,2022-05-19 19:30:00,1.549,1.614,-0.87
,GERCUP,SC Freiburg - RB Lipsk,AWAY_GOALS,-1.5,1.9,c44f0f87,2022-05-21 19:00:00,1.84,1.917,-0.89
,ENG,Leeds - Brighton,GOALS,-1.5,4.2,5c9151b5,2022-05-15 14:00:00,3.95,4.238,-0.9
,NED,AZ Alkmaar - Waalwijk,GOALS,-4.5,1.42,d19b618e,2022-05-15 13:30:00,1.391,1.433,-0.91
,IRE,Derry City - Dundalk,GOALS_H1,0.5,1.42,98820844,2022-05-20 19:45:00,1.391,1.433,-0.91
,ESP,Atl.Madryt - Sevilla,1X2,1,2.28,c06ac1e0,2022-05-15 18:30:00,2.26,2.301,-0.91
,SWE2,AFC Eskilstuna - Norrby IF,1X2,1,2.7,70a7b1b1,2022-05-19 18:00:00,2.62,2.725,-0.92
,SWE,Norrkoping - GIF Sundsvall,AWAY_HANDI,2.5,1.4,67dc557a,2022-05-15 16:30:00,1.376,1.413,-0.92
,ITA,Bologna - Sassuolo,GOALS,-4.5,1.4,d3e7a46c,2022-05-15 11:30:00,1.375,1.413,-0.92
,JPN2,Zwiegen Kanazawa - Montedio Yamagata,GOALS_H1,0.5,1.5,7820261e,2022-05-21 06:00:00,1.461,1.514,-0.92
,IRE,Drogheda Utd - Finn Harps,GOALS,-3.5,1.28,e8d94c2e,2022-05-20 19:45:00,1.243,1.292,-0.93
,NED,Feyenoord - Twente Enschede,GOALS,3.5,2,e86185ac,2022-05-15 13:30:00,1.962,2.019,-0.94
,SUI,Lugano - Zurich,HOME_GOALS,-1.5,1.9,28d005d9,2022-05-19 19:30:00,1.826,1.918,-0.94
,KOR,Seoul - Pohang Steelers,GOALS,-3.5,1.25,cc6dc29f,2022-05-15 11:00:00,1.233,1.262,-0.95
,ENG,Newcastle - Arsenal,1X2,2,1.88,131a0d5e,2022-05-16 20:00:00,1.87,1.898,-0.95
,BRA,Coritiba PR - America MG,CORNERS,10.5,2.2,ea3b1375,2022-05-15 21:30:00,2.09,2.221,-0.95
,SUI,Lausanne - Sion,GOALS,-4.5,1.25,dc9974d1,2022-05-19 19:30:00,1.222,1.262,-0.95
,ENG,West Ham - Manchester City,1X2,2,1.45,affd2dfb,2022-05-15 14:00:00,1.446,1.464,-0.96
,MLS,Houston - Seattle,GOALS,-4.5,1.14,4cade3d5,2022-05-19 01:30:00,1.125,1.151,-0.96
,NED,Groningen - Cambuur,CORNERS_H1,4.5,1.95,d55c5786,2022-05-15 13:30:00,1.87,1.969,-0.96
,SUI,Servette - Basel,HOME_GOALS,-1.5,1.62,9527a38c,2022-05-19 19:30:00,1.568,1.636,-0.98
,POL2,Nowy Sącz - Głogów,GOALS,-1.5,3.5,4f717b3d,2022-05-15 14:00:00,3.28,3.535,-0.99
,ESP,Levante - Alaves,HOME_GOALS,-1.5,1.7,f50ead4d,2022-05-15 18:30:00,1.667,1.717,-0.99
,ENG,Wolverhampton - Norwich,YELLOW,3.5,2.4,90735434,,2.22,2.424,-0.99
,NOR,Odd BK - Haugesund,GOALS,-4.5,1.18,fc975884,2022-05-16 17:00:00,1.166,1.192,-1.01
,NOR,Kristiansund - Stromsgodset,GOALS,2.5,1.75,63e40f2e,2022-05-16 17:00:00,1.719,1.768,-1.02
,FIN,Ilves - Mariehamn,GOALS,-4.5,1.14,5f4ef1f0,2022-05-15 13:00:00,1.128,1.152,-1.04
,SWE,Degerfors - Helsingborg,GOALS,-4.5,1.14,39f2fa71,2022-05-15 16:30:00,1.129,1.152,-1.04
,POL,Radomiak - W.Kraków,GOALS,-4.5,1.14,9c545f37,2022-05-15 16:30:00,1.129,1.152,-1.04
,SWE,Hacken - Kalmar FF,CORNERS_H1,-5.5,1.6,cf203c87,2022-05-15 14:00:00,1.538,1.617,-1.05
,FIN,Ilves - Mariehamn,GOALS_H1,0.5,1.4,5acdc934,2022-05-15 13:00:00,1.382,1.415,-1.06
,ESP,Villarreal - Sociedad,1X2,1,2.12,6b58c422,2022-05-15 18:30:00,2.11,2.143,-1.07
,NOR,Viking - Jerv,AWAY_HANDI,2.5,1.55,4369b6b3,2022-05-16 17:00:00,1.526,1.567,-1.08
,BRA,Avai SC - Juventude RS,1X2,1,2.47,36638827,2022-05-15 22:00:00,2.43,2.497,-1.08
,POL2,Polkowice - Resovia,GOALS,1.5,1.35,c029989e,2022-05-16 17:00:00,1.317,1.365,-1.1
,NOR,Valerenga - Ham Kam,GOALS,1.5,1.25,3750e81c,2022-05-16 19:00:00,1.234,1.264,-1.11
,SUI,Lugano - Zurich,AWAY_GOALS,-1.5,1.7,3f4486c3,2022-05-19 19:30:00,1.645,1.719,-1.11
,MLS,Seattle - Minnesota Utd,GOALS,-3.5,1.42,b6a26682,2022-05-15 21:00:00,1.397,1.436,-1.11
,ENG,Tottenham - Burnley,HOME_GOALS,-2.5,1.7,7570ab8d,2022-05-15 12:00:00,1.676,1.719,-1.11
,TUR,Giresunspor - Basaksehir FK,CORNERS_H1,4.5,2.2,094ebbfb,2022-05-15 17:00:00,2.09,2.225,-1.12
,NOR,Lillestrom - Sarpsborg,1X2,1,1.95,efe74060,2022-05-16 17:00:00,1.935,1.972,-1.12
,POR2,Rio Ave - Chaves,GOALS,-1.5,3.4,3244fe8d,2022-05-15 11:00:00,3.2,3.439,-1.13
,ESP2,Oviedo - Zaragoza,GOALS,-3.5,1.22,a5af8536,2022-05-16 20:00:00,1.199,1.234,-1.13
,SWE,Degerfors - Helsingborg,HOME_GOALS,-1.5,1.8,b3f80e07,2022-05-15 16:30:00,1.769,1.821,-1.15
,TUR,Alanyaspor - Gaziantep,1X2,1,1.55,98fcb3c0,2022-05-15 17:00:00,1.543,1.568,-1.15
,SUI,Luzern - Young Boys,1X2,2,2.05,ed35aee0,2022-05-19 19:30:00,2.01,2.074,-1.16
,JPN,Shimizu S-Pulse - Nagoya Grampus,1X2,2,2.45,edde261d,2022-05-21 06:00:00,2.41,2.479,-1.17
,ESP,Levante - Alaves,GOALS,-3.5,1.52,c9cf88f9,2022-05-15 18:30:00,1.493,1.538,-1.17
,ESP,Mallorca - Rayo Vallecano,1X2,1,1.78,662a51f2,2022-05-15 18:30:00,1.775,1.801,-1.17
,BRA,Botafogo RJ - Fortaleza CE,CORNERS_H1,4.5,1.85,d16b2bb6,2022-05-15 22:00:00,1.775,1.872,-1.18
,MLS,Atlanta Utd - New England,GOALS,-1.5,5,ad47ac5c,2022-05-15 18:30:00,4.61,5.06,-1.19
,NOR,Valerenga - Ham Kam,GOALS,2.5,1.75,3750e81c,2022-05-16 19:00:00,1.719,1.771,-1.19
,NOR2,Fredrikstad - Skeid,GOALS,-4.5,1.25,b1458b77,2022-05-16 17:00:00,1.225,1.265,-1.19
,GERCUP,SC Freiburg - RB Lipsk,1X2,1,4,127aa553,2022-05-21 19:00:00,3.84,4.048,-1.19
,ESP,Bilbao - Osasuna,AWAY_HANDI,1.5,1.47,a19ba28c,2022-05-15 18:30:00,1.461,1.488,-1.21
,GER2,Werder B. - Regensburg,GOALS,-5.5,1.22,7ed7854f,2022-05-15 14:30:00,1.203,1.235,-1.21
,ENG,Watford - Leicester,GOALS,-3.5,1.47,376147cd,2022-05-15 14:00:00,1.446,1.488,-1.21
,ESP2,Mirandes - Ibiza,GOALS,-4.5,1.14,a15b7a33,2022-05-15 15:00:00,1.13,1.154,-1.21
,NOR,Odd BK - Haugesund,GOALS,-3.5,1.47,fc975884,2022-05-16 17:00:00,1.446,1.488,-1.21
,GER2,St.Pauli - Dusseldorf,1X2,2,2.6,a7f6a72c,2022-05-15 14:30:00,2.57,2.632,-1.22
,SWE2,Orgryte IS - Trelleborgs FF,GOALS,-1.5,4,32f03a1c,2022-05-18 18:00:00,3.66,4.05,-1.23
,NOR,Viking - Jerv,GOALS,3.5,2.15,34b2dd3a,2022-05-16 17:00:00,2.09,2.177,-1.24
,POL2,ŁKS Łódź - Opole,GOALS,-3.5,1.35,e6ab1c0b,2022-05-15 17:00:00,1.328,1.367,-1.24
,MLS,Minnesota Utd - LA Galaxy,1X2,2,3,7f5de892,2022-05-19 01:00:00,2.94,3.038,-1.25
,JPN,Urawa Red Diamonds - Yokohama F. Marinos,GOALS,2.5,1.9,977d98a5,2022-05-18 11:30:00,1.862,1.924,-1.25
,BRA,Coritiba PR - America MG,GOALS_H1,0.5,1.5,45284312,2022-05-15 21:30:00,1.476,1.519,-1.25
,MLS,D.C. United - New York City,GOALS,-4.5,1.18,513cc7ff,2022-05-19 00:30:00,1.166,1.195,-1.26
,JPN2,Tokushima Vortis - Tochigi,GOALS,-1.5,2.25,79de587f,2022-05-21 06:00:00,2.13,2.279,-1.27
,TUR,C.Rizespor - Sivasspor,GOALS_H1,0.5,1.4,00e1334e,2022-05-16 18:00:00,1.385,1.418,-1.27
,BRA2,Vasco Da Gama RJ - Bahia BA,GOALS,-3.5,1.16,169646d1,2022-05-15 20:00:00,1.141,1.175,-1.28
,ARG2,CA Temperley - CA Guemes,GOALS,-3.5,1.16,e1977620,2022-05-15 19:30:00,1.141,1.175,-1.28
,MLS,Philadelphia U. - Inter Miami,GOALS,-1.5,4.4,b7061f82,2022-05-19 00:30:00,4.03,4.457,-1.28
,NED,Willem II - Utrecht,GOALS,3.5,2.4,72975814,2022-05-15 13:30:00,2.34,2.431,-1.28
,POL,Górnik Z. - Łęczna,GOALS,2.5,1.67,231128f9,2022-05-15 14:00:00,1.645,1.692,-1.3
,POL,Mielec - Śląsk,HOME_GOALS,-1.5,1.52,818d7921,2022-05-15 11:30:00,1.5,1.54,-1.3
,JPN,Cerezo Osaka - Gamba Osaka,GOALS,1.5,1.36,75b7a848,2022-05-21 06:00:00,1.338,1.378,-1.31
,ENG,Leeds - Brighton,GOALS,-3.5,1.42,5c9151b5,2022-05-15 14:00:00,1.405,1.439,-1.32
,ENG,Aston Villa - Burnley,GOALS,-3.5,1.35,32294f10,2022-05-19 20:00:00,1.316,1.368,-1.32
,JPN,FC Tokyo - Kashiwa Reysol,GOALS,-2.5,1.65,f1035103,2022-05-21 07:00:00,1.613,1.672,-1.32
,MLS,Seattle - Minnesota Utd,CORNERS_H1,4.5,1.85,d029daf6,2022-05-15 21:00:00,1.781,1.875,-1.33
,SWE,Hammarby - AIK,CORNERS,-10.5,1.85,d3a9fd62,2022-05-15 14:00:00,1.735,1.875,-1.33
,TUR,Fenerbahce - F.Karagumruk,AWAY_HANDI,1.5,1.7,0a3d27ec,2022-05-15 17:00:00,1.68,1.723,-1.33
,TUR,Goztepe SK - Besiktas,CORNERS_H1,4.5,2,446fbd72,2022-05-15 14:00:00,1.926,2.027,-1.33
,NED,NEC - Fortuna S.,GOALS,1.5,1.18,e475f82b,2022-05-15 13:30:00,1.17,1.196,-1.34
,BRA2,Ituano SP - Gremio RS,GOALS,-3.5,1.18,342b7c5b,2022-05-17 00:00:00,1.161,1.196,-1.34
,NED,AZ Alkmaar - Waalwijk,CORNERS,8.5,1.65,fd3d7de6,2022-05-15 13:30:00,1.562,1.673,-1.37
,SWE2,Orgryte IS - Trelleborgs FF,GOALS,-2.5,2,501b98ff,2022-05-18 18:00:00,1.943,2.028,-1.38
,GER2,Nurnberg - Schalke 04,GOALS,-4.5,1.35,4cb46d4c,2022-05-15 14:30:00,1.334,1.369,-1.39
,TUR,Fenerbahce - F.Karagumruk,1X2,1,1.48,1484e408,2022-05-15 17:00:00,1.478,1.501,-1.4
,GER2,Hannover - Ingolstadt,GOALS,2.5,1.55,9e89a434,2022-05-15 14:30:00,1.526,1.572,-1.4
,GER2,Heidenheim - Karlsruher,AWAY_GOALS,-1.5,1.62,599fde7a,2022-05-15 14:30:00,1.599,1.643,-1.4
,IRE,Drogheda Utd - Finn Harps,GOALS,-2.5,1.75,0f6a2a63,2022-05-20 19:45:00,1.69,1.775,-1.41
,ESP,Atl.Madryt - Sevilla,1X2,0.5,3.05,c06ac1e0,2022-05-15 18:30:00,3.02,3.094,-1.42
,SLO,Koper - Radomlje,1X2,1,1.53,5d8aba0f,2022-05-16 16:30:00,1.503,1.552,-1.42
,ENG,Tottenham - Burnley,HOME_HANDI,-2.5,3.45,d4f9a0ab,2022-05-15 12:00:00,3.33,3.5,-1.43
,ESP2,Oviedo - Zaragoza,GOALS_H1,0.5,1.52,dffef51d,2022-05-16 20:00:00,1.493,1.542,-1.43
,MLS,San Jose Earthquakes - Portland T.,GOALS,2.5,1.65,3f3a143d,2022-05-19 03:30:00,1.621,1.674,-1.43
,TUR,Goztepe SK - Besiktas,AWAY_GOALS,-2.5,1.57,b7472168,2022-05-15 14:00:00,1.552,1.593,-1.44
,NOR,Lillestrom - Sarpsborg,HOME_HANDI,-1.5,3.5,c49be4c4,2022-05-16 17:00:00,3.35,3.551,-1.44
,HUN,MTK - Debrecen,1X2,1,1.63,eb965608,2022-05-15 15:00:00,1.61,1.654,-1.45
,SWE2,Landskrona Bois - Brommapojkarna,GOALS_H1,-1.5,1.5,5ae1ae25,2022-05-15 12:00:00,1.478,1.522,-1.45
,IRE,UC Dublin - Shamrock Rovers,GOALS,1.5,1.22,f264d980,2022-05-19 19:45:00,1.199,1.238,-1.45
,ENG,Southampton - Liverpool,1X2,2,1.5,a1194c3b,2022-05-17 19:45:00,1.498,1.522,-1.45
,TUR,Konyaspor - Hatayspor,1X2,1,1.5,1d5c8f24,2022-05-15 17:00:00,1.498,1.522,-1.45
,POL,Mielec - Śląsk,GOALS,-1.5,3.6,e433de28,2022-05-15 11:30:00,3.41,3.653,-1.45
,CHI,Curico Unido - Audax Italiano,1X2,0.5,3.5,5d98c1a2,2022-05-17 01:30:00,3.37,3.552,-1.46
,ESP,Villarreal - Sociedad,GOALS_H1,0.5,1.42,79f7a8c1,2022-05-15 18:30:00,1.412,1.441,-1.46
,SWE2,Ostersunds FK - IK Brage,GOALS,-4.5,1.14,0def4895,2022-05-15 14:00:00,1.13,1.157,-1.47
,ENG,Aston Villa - Crystal Palace,GOALS_H1,-1.5,1.4,d5e01f69,2022-05-15 14:00:00,1.388,1.421,-1.48
,POL2,Legnica - Widzew Ł.,HOME_GOALS,-1.5,1.6,7e3b227f,2022-05-15 11:40:00,1.575,1.624,-1.48
,SWE2,AFC Eskilstuna - Norrby IF,GOALS,3.5,3,ed4faf7d,2022-05-19 18:00:00,2.82,3.045,-1.48
,NOR,Lillestrom - Sarpsborg,HOME_GOALS,1.5,1.93,853fa446,2022-05-16 17:00:00,1.893,1.959,-1.48
,ENG,Tottenham - Burnley,GOALS,2.5,1.65,569b19c9,2022-05-15 12:00:00,1.637,1.675,-1.49
,JPN2,Mito Hollyhock - Iwate Grulla Morioka,GOALS,-1.5,3.25,f58eb870,2022-05-21 08:00:00,3.08,3.299,-1.49
,ENG,Everton - Brentford,GOALS,-3.5,1.32,64c2cd64,2022-05-15 16:30:00,1.31,1.34,-1.49
,BRA2,CRB AL - Londrina PR,GOALS,-3.5,1.18,f5fabd5f,2022-05-19 01:30:00,1.162,1.198,-1.5
,ESP,Mallorca - Rayo Vallecano,GOALS,-2.5,1.7,e8373f04,2022-05-15 18:30:00,1.685,1.726,-1.51
,JPN2,Albirex Niigata - Yokohama,GOALS,-2.5,1.7,0cedd485,2022-05-21 06:00:00,1.658,1.726,-1.51
,GERCUP,SC Freiburg - RB Lipsk,GOALS,-3.5,1.37,b3123f8d,2022-05-21 19:00:00,1.346,1.391,-1.51
,ARG2,Estudiantes Rio Cuarto - San Telmo,1X2,0.5,3.3,b567883b,2022-05-15 20:30:00,3.18,3.351,-1.52
,GER2,Heidenheim - Karlsruher,1X2,1,1.95,1766fb48,2022-05-15 14:30:00,1.943,1.98,-1.52
,KOR,Suwon Bluewings - Gimcheon Sangmu,GOALS,1.5,1.42,aa73ea54,2022-05-17 11:00:00,1.403,1.442,-1.53
,KOR,Seoul - Seongnam,GOALS,-3.5,1.22,f3b5e1a3,2022-05-21 08:30:00,1.203,1.239,-1.53
,ITA,Sampdoria - Fiorentina,AWAY_GOALS,1.5,1.8,30257a1e,2022-05-16 17:30:00,1.781,1.828,-1.53
,KOR,Seongnam - Suwon FC,GOALS,-3.5,1.22,510c35dc,2022-05-18 11:30:00,1.207,1.239,-1.53
,SUI,Lugano - Zurich,GOALS,-4.5,1.22,00ac833a,2022-05-19 19:30:00,1.2,1.239,-1.53
,TUR,Giresunspor - Basaksehir FK,AWAY_GOALS,1.5,2.05,177893b8,2022-05-15 17:00:00,2.01,2.082,-1.54
,BRA,Coritiba PR - America MG,HOME_GOALS,1.5,2.5,8b63437c,2022-05-15 21:30:00,2.42,2.539,-1.54
,BRA,Goias GO - Santos SP,CORNERS,-9.5,2.3,8b58c15c,2022-05-15 23:00:00,2.17,2.336,-1.54
,ITA,Bologna - Sassuolo,AWAY_GOALS,-1.5,2.05,5677f0fc,2022-05-15 11:30:00,2.01,2.082,-1.54
,NED,Vitesse - Ajax,GOALS_H1,1.5,2.1,5089d470,2022-05-15 13:30:00,2.07,2.133,-1.55
,BRA,Sao Paulo SP - Cuiaba MT,GOALS_H1,0.5,1.52,24eca1e0,2022-05-15 20:00:00,1.5,1.544,-1.55
,POR2,Varzim - Mafra,GOALS,1.5,1.33,db690b57,2022-05-15 15:30:00,1.312,1.351,-1.55
,GER2,Nurnberg - Schalke 04,GOALS,-1.5,7,4cb46d4c,2022-05-15 14:30:00,6.28,7.111,-1.56
,ENG,Chelsea - Leicester,GOALS,2.5,1.7,c7160e8b,2022-05-19 20:00:00,1.654,1.727,-1.56
,ENG,Everton - Crystal Palace,GOALS,-2.5,1.83,7476d5d8,2022-05-19 19:45:00,1.775,1.859,-1.56
,NED,Zwolle - PSV,HOME_GOALS,1.5,3,3730e87e,2022-05-15 13:30:00,2.9,3.048,-1.57
,GERCUP,SC Freiburg - RB Lipsk,HOME_HANDI,1.5,1.32,29b9f1f9,2022-05-21 19:00:00,1.304,1.341,-1.57
,JPN2,Zwiegen Kanazawa - Montedio Yamagata,1X2,2,2.5,1ff3768a,2022-05-21 06:00:00,2.45,2.54,-1.57
,ESP,Bilbao - Osasuna,GOALS,-3.5,1.32,f9551db3,2022-05-15 18:30:00,1.311,1.341,-1.57
,SWE2,AFC Eskilstuna - Norrby IF,GOALS_H1,0.5,1.36,6a18dc33,2022-05-19 18:00:00,1.338,1.382,-1.59
,NOR,Kristiansund - Stromsgodset,GOALS_H1,1.5,2.7,d76936d1,2022-05-16 17:00:00,2.62,2.744,-1.6
,GER2,Darmstadt - Paderborn,HOME_GOALS,-2.5,1.85,6c6a930f,2022-05-15 14:30:00,1.82,1.88,-1.6
,ENG,Watford - Leicester,AWAY_GOALS,1.5,1.85,df2d07f4,2022-05-15 14:00:00,1.82,1.88,-1.6
,ITA,Cagliari - Inter M.,GOALS,-3.5,1.65,4011c741,2022-05-15 19:45:00,1.637,1.677,-1.61
,ENG,Everton - Brentford,1X2,1,2.08,1e3bb9c9,2022-05-15 16:30:00,2.08,2.114,-1.61
,SLO,Olimpija Ljubljana - Mura,GOALS,-3.5,1.28,06b38463,2022-05-15 16:30:00,1.258,1.301,-1.61
,KOR,Gangwon - Seoul,GOALS,-3.5,1.28,0a031e04,2022-05-18 11:30:00,1.266,1.301,-1.61
,POL,Górnik Z. - Łęczna,HOME_HANDI,-1.5,2.5,12d9b418,2022-05-15 14:00:00,2.45,2.541,-1.61
,SWE,Norrkoping - GIF Sundsvall,1X2,1,1.27,2db82d5f,2022-05-15 16:30:00,1.27,1.291,-1.63
,SWE2,Vasteras SK - Jonkopings,GOALS,2.5,1.75,4d035ae4,2022-05-18 18:00:00,1.709,1.779,-1.63
,LTU,Panevezys - Dziugas,1X2,1,1.33,77901b52,2022-05-15 13:00:00,1.288,1.352,-1.63
,LE,Eintracht F. - Rangers,AWAY_GOALS,-1.5,1.5,c63495d2,2022-05-18 20:00:00,1.481,1.525,-1.64
,TUR,Galatasaray - Adana D.,CORNERS_H1,4.5,1.85,44e01a42,2022-05-16 18:00:00,1.775,1.881,-1.65
,TUR,Kasimpasa - Antaliaspor,AWAY_GOALS,1.5,2.45,05d6929b,2022-05-15 17:00:00,2.39,2.491,-1.65
,POL2,ŁKS Łódź - Opole,GOALS,-1.5,3.7,e6ab1c0b,2022-05-15 17:00:00,3.48,3.763,-1.67
,ARG2,Independ. Rivadavia - Atletico Rafaela,1X2,1,2,b9ae53ba,2022-05-15 21:00:00,1.971,2.034,-1.67
,NOR,Aalesunds - Molde,1X2,1,3.3,0f1df887,2022-05-16 17:00:00,3.25,3.356,-1.67
,TUR,Fenerbahce - F.Karagumruk,GOALS,-3.5,1.7,a373811c,2022-05-15 17:00:00,1.68,1.729,-1.68
,GER2,St.Pauli - Dusseldorf,HOME_GOALS,-1.5,1.93,9ec25e80,2022-05-15 14:30:00,1.901,1.963,-1.68
,FIN,Ilves - Mariehamn,AWAY_HANDI,1.5,1.35,781c8bd0,2022-05-15 13:00:00,1.342,1.373,-1.68
,POL,Mielec - Śląsk,GOALS_H1,-1.5,1.4,3d1eddae,2022-05-15 11:30:00,1.391,1.424,-1.69
,NED,Willem II - Utrecht,GOALS,2.5,1.57,72975814,2022-05-15 13:30:00,1.556,1.597,-1.69
,JPN,Cerezo Osaka - Gamba Osaka,GOALS_H1,0.5,1.45,a0c62f51,2022-05-21 06:00:00,1.435,1.475,-1.69
,NOR,Viking - Jerv,1X2,1,1.22,63ddba12,2022-05-16 17:00:00,1.222,1.241,-1.69
,JPN,Sagan Tosu - Kawasaki Frontale,GOALS,1.5,1.4,4e6aefbd,2022-05-21 09:00:00,1.377,1.424,-1.69
,ESP,Getafe - Barcelona,1X2,2,2.2,9fc67381,2022-05-15 18:30:00,2.2,2.238,-1.7
,NED,Zwolle - PSV,GOALS,2.5,1.38,06ebe7e5,2022-05-15 13:30:00,1.368,1.404,-1.71
,POL,Radomiak - W.Kraków,1X2,2,2.3,aee90065,2022-05-15 16:30:00,2.29,2.34,-1.71
,GER2,Hannover - Ingolstadt,GOALS,3.5,2.35,9e89a434,2022-05-15 14:30:00,2.3,2.391,-1.71
,ESP,Celta - Elche,GOALS_H1,0.5,1.42,4f0c9347,2022-05-15 18:30:00,1.41,1.445,-1.73
,BRA2,Nautico PE - Cruzeiro MG,GOALS,-3.5,1.25,eb7a5ee8,2022-05-15 20:00:00,1.238,1.272,-1.73
,FIN,Ilves - Mariehamn,1X2,1,1.82,bddd1e6c,2022-05-15 13:00:00,1.82,1.852,-1.73
,GER2,Sandhausen - Holstein Kiel,GOALS,-4.5,1.25,b5c9dc2e,2022-05-15 14:30:00,1.242,1.272,-1.73
,GERCUP,SC Freiburg - RB Lipsk,GOALS,-4.5,1.13,b3123f8d,2022-05-21 19:00:00,1.121,1.15,-1.74
,NOR,Bodo/Glimt - Tromso,1X2,1,1.47,6517fc5b,2022-05-16 17:00:00,1.472,1.496,-1.74
,ITA,Napoli - Genoa,1X2,2,4.75,6bd484be,2022-05-15 14:00:00,4.65,4.834,-1.74
,GER2,Sandhausen - Holstein Kiel,AWAY_GOALS,-1.5,1.85,9ba27360,2022-05-15 14:30:00,1.826,1.883,-1.75
,TUR,C.Rizespor - Sivasspor,GOALS,2.5,1.85,64bad706,2022-05-16 18:00:00,1.826,1.883,-1.75
,NOR,Kristiansund - Stromsgodset,GOALS,4.5,5.5,63e40f2e,2022-05-16 17:00:00,5.06,5.598,-1.75
,ARG2,Instituto AC Cordoba - Def. de Belgrano,1X2,2,5,b0762c12,2022-05-15 19:00:00,4.72,5.09,-1.77
,GER2,Darmstadt - Paderborn,1X2,1,1.5,67db8cfd,2022-05-15 14:30:00,1.503,1.527,-1.77
,ESP2,Oviedo - Zaragoza,GOALS,-1.5,3,a5af8536,2022-05-16 20:00:00,2.85,3.054,-1.77
,KOR,Suwon Bluewings - Gimcheon Sangmu,GOALS_H1,0.5,1.5,e21d1309,2022-05-17 11:00:00,1.488,1.527,-1.77
,GER2,Hansa R. - Hamburger SV,GOALS,-5.5,1.16,6f5130b8,2022-05-15 14:30:00,1.153,1.181,-1.78
,LTU,FA Siauliai - Hegelmann,1X2,0.5,3.3,cb37be25,2022-05-15 15:30:00,2.98,3.36,-1.79
,NED,NEC - Fortuna S.,GOALS_H1,1.5,2.45,81452604,2022-05-15 13:30:00,2.39,2.495,-1.8
,POL2,Nowy Sącz - Głogów,HOME_GOALS,-1.5,1.8,313522c4,2022-05-15 14:00:00,1.769,1.833,-1.8
,ENG,Aston Villa - Burnley,GOALS_H1,-1.5,1.42,ab429704,2022-05-19 20:00:00,1.394,1.446,-1.8
,KOR,Pohang Steelers - Jeonbuk,GOALS,-3.5,1.25,99b24879,2022-05-18 11:00:00,1.239,1.273,-1.81
,TUR,Goztepe SK - Besiktas,GOALS,-4.5,1.3,ab2310bd,2022-05-15 14:00:00,1.291,1.324,-1.81
,SWE,Hacken - Kalmar FF,GOALS,-4.5,1.14,c853c1bf,2022-05-15 14:00:00,1.137,1.161,-1.81
,SUI,Lugano - Zurich,GOALS,-3.5,1.57,00ac833a,2022-05-19 19:30:00,1.541,1.599,-1.81
,CRO,Sibenik - Dinamo Z.,GOALS,2.5,1.62,7b5a225b,2022-05-15 18:05:00,1.581,1.65,-1.82
,BRA,Avai SC - Juventude RS,GOALS_H1,0.5,1.62,fdb61d19,2022-05-15 22:00:00,1.599,1.65,-1.82
,MLS,Nashville - Montreal,GOALS,1.5,1.4,c8db516b,2022-05-19 01:30:00,1.383,1.426,-1.82
,BRA,Goias GO - Santos SP,GOALS,1.5,1.45,2c880689,2022-05-15 23:00:00,1.431,1.477,-1.83
,ITA,Cagliari - Inter M.,1X2,2,1.45,e5c1acc4,2022-05-15 19:45:00,1.459,1.477,-1.83
,ENG,Everton - Brentford,GOALS_H1,0.5,1.45,f5019c60,2022-05-15 16:30:00,1.446,1.477,-1.83
,KOR,Ulsan Hyundai - Jeju United,GOALS,-3.5,1.28,d2e6295b,2022-05-18 11:00:00,1.268,1.304,-1.84
,SWE,Goteborg - Varbergs,GOALS,-3.5,1.23,361d64c8,2022-05-15 16:30:00,1.224,1.253,-1.84
,ENG,Tottenham - Burnley,GOALS,-3.5,1.55,569b19c9,2022-05-15 12:00:00,1.543,1.579,-1.84
,POL,Górnik Z. - Łęczna,GOALS,1.5,1.22,231128f9,2022-05-15 14:00:00,1.214,1.243,-1.85
,POR2,Leixoes - Casa Pia,GOALS,-3.5,1.33,10e323a1,2022-05-15 11:00:00,1.316,1.355,-1.85
,POR,Guimaraes - Gil Vicente,GOALS,-4.5,1.17,552a09a8,2022-05-15 20:30:00,1.166,1.192,-1.85
,TUR,Fenerbahce - F.Karagumruk,GOALS,-5.5,1.11,a373811c,2022-05-15 17:00:00,1.109,1.131,-1.86
,LE,Eintracht F. - Rangers,GOALS,-3.5,1.37,447908c9,2022-05-18 20:00:00,1.355,1.396,-1.86
,ESP,Cadiz - Real Madryt,GOALS,-3.5,1.42,60cd79bb,2022-05-15 18:30:00,1.412,1.447,-1.87
,ITA,Juventus - Lazio,GOALS,-3.5,1.42,ca0b9eb7,2022-05-16 19:45:00,1.413,1.447,-1.87
,GER2,Werder B. - Regensburg,1X2,1,1.25,2ca02ec4,2022-05-15 14:30:00,1.254,1.274,-1.88
,TUR,Trabzonspor - Altay Izmir,HOME_GOALS,-2.5,1.62,47dc250f,2022-05-15 14:00:00,1.606,1.651,-1.88
,SLO,Koper - Radomlje,GOALS_H1,0.5,1.36,76769fed,2022-05-16 16:30:00,1.333,1.386,-1.88
,CRO,Sibenik - Dinamo Z.,1X2,2,1.25,7ef2bb95,2022-05-15 18:05:00,1.244,1.274,-1.88
,TUR,Fenerbahce - F.Karagumruk,HOME_GOALS,-2.5,1.62,84617520,2022-05-15 17:00:00,1.606,1.651,-1.88
,MLS,Houston - Seattle,GOALS,-3.5,1.36,f415ec6c,2022-05-19 01:30:00,1.345,1.386,-1.88
,CRO,Sibenik - Dinamo Z.,GOALS,1.5,1.2,7b5a225b,2022-05-15 18:05:00,1.182,1.223,-1.88
,NOR,Aalesunds - Molde,GOALS,2.5,1.67,694fd3ee,2022-05-16 17:00:00,1.654,1.702,-1.88
,NOR2,Brann - Sandnes Ulf,1X2,1,1.45,40390513,2022-05-16 17:00:00,1.442,1.478,-1.89
,NED,Feyenoord - Twente Enschede,GOALS,2.5,1.4,e86185ac,2022-05-15 13:30:00,1.389,1.427,-1.89
,SWE,Hacken - Kalmar FF,AWAY_HANDI,1.5,1.35,fa381ac0,2022-05-15 14:00:00,1.345,1.376,-1.89
,TUR,Alanyaspor - Gaziantep,AWAY_HANDI,1.5,1.6,208651b8,2022-05-15 17:00:00,1.592,1.631,-1.9
,ESP2,Tenerife - Malaga,HOME_GOALS,-1.5,1.8,5b2cc656,2022-05-15 20:00:00,1.781,1.835,-1.91
,SLO,Koper - Radomlje,GOALS,2.5,1.8,eade3b00,2022-05-16 16:30:00,1.746,1.835,-1.91
,ESP,Levante - Alaves,AWAY_GOALS,-1.5,1.8,ea2f8428,2022-05-15 18:30:00,1.781,1.835,-1.91
,BRA,Coritiba PR - America MG,CORNERS,9.5,1.75,a1324384,2022-05-15 21:30:00,1.699,1.784,-1.91
,POL2,ŁKS Łódź - Opole,GOALS,-2.5,1.9,e6ab1c0b,2022-05-15 17:00:00,1.877,1.937,-1.91
,JPN2,Mito Hollyhock - Iwate Grulla Morioka,GOALS,-2.5,1.75,f29a71fc,2022-05-21 08:00:00,1.725,1.784,-1.91
,CRC,Jicaral - Cartagines,1X2,1,2.6,d46d75c9,2022-05-15 22:00:00,2.55,2.651,-1.92
,JPN,Sanfrecce Hiroshima - Kyoto Sanga,GOALS,-3.5,1.28,c40ada33,2022-05-21 05:00:00,1.265,1.305,-1.92
,NED,Feyenoord - Twente Enschede,1X2,1,1.48,790cd239,2022-05-15 13:30:00,1.485,1.509,-1.92
,GER2,Heidenheim - Karlsruher,GOALS,-5.5,1.11,a82c17b4,2022-05-15 14:30:00,1.11,1.132,-1.94
,NOR,Odd BK - Haugesund,AWAY_GOALS,-1.5,1.52,ab4f25ff,2022-05-16 17:00:00,1.51,1.55,-1.94
,GER2,Hansa R. - Hamburger SV,1X2,2,1.52,fcab5749,2022-05-15 14:30:00,1.521,1.55,-1.94
,NOR,Valerenga - Ham Kam,HOME_GOALS,1.5,1.72,b6cb5120,2022-05-16 19:00:00,1.704,1.754,-1.94
,POL,Radomiak - W.Kraków,AWAY_GOALS,-1.5,1.72,90c7cb02,2022-05-15 16:30:00,1.704,1.754,-1.94
,BRA,Sao Paulo SP - Cuiaba MT,AWAY_HANDI,1.5,1.57,5a11956f,2022-05-15 20:00:00,1.559,1.601,-1.94
,TUR,Kasimpasa - Antaliaspor,1X2,2,3.35,cd152453,2022-05-15 17:00:00,3.31,3.417,-1.96
,JPN2,Roasso Kumamoto - JEF United Chiba,GOALS,-3.5,1.2,c74ccbba,2022-05-21 05:00:00,1.186,1.224,-1.96
,JPN2,Roasso Kumamoto - JEF United Chiba,1X2,2,2.2,a48fc9e7,2022-05-21 05:00:00,2.17,2.244,-1.96
,ESP2,Mirandes - Ibiza,GOALS_H1,0.5,1.4,e663ed38,2022-05-15 15:00:00,1.395,1.428,-1.96
,JPN2,Zwiegen Kanazawa - Montedio Yamagata,GOALS,1.5,1.4,e190013a,2022-05-21 06:00:00,1.377,1.428,-1.96
,TUR,C.Rizespor - Sivasspor,CORNERS,-9.5,1.85,f54fe374,2022-05-16 18:00:00,1.794,1.887,-1.96
,NOR,Valerenga - Ham Kam,AWAY_HANDI,1.5,1.45,31c523fd,2022-05-16 19:00:00,1.442,1.479,-1.96
,ESP2,Tenerife - Malaga,GOALS,-1.5,3,0c3da598,2022-05-15 20:00:00,2.89,3.06,-1.96
,SWE,Hacken - Kalmar FF,GOALS_H1,0.5,1.4,dad9e1de,2022-05-15 14:00:00,1.394,1.428,-1.96
,GER2,Werder B. - Regensburg,HOME_GOALS_H1,1.5,2.55,746d9061,2022-05-15 14:30:00,2.46,2.602,-2
,MLS,Minnesota Utd - LA Galaxy,GOALS,-3.5,1.42,bafe7319,2022-05-19 01:00:00,1.405,1.449,-2
,SWE,Hacken - Kalmar FF,CORNERS_H1,-4.5,2.2,848cc9d0,2022-05-15 14:00:00,2.1,2.245,-2
,BRA,Sao Paulo SP - Cuiaba MT,1X2,1,1.47,038f92fe,2022-05-15 20:00:00,1.472,1.5,-2
,BRA,Sao Paulo SP - Cuiaba MT,HOME_GOALS,1.5,1.85,b58061cc,2022-05-15 20:00:00,1.82,1.888,-2.01
,POL,Górnik Z. - Łęczna,1X2_H1,1,2.1,6d43f13e,2022-05-15 14:00:00,2.09,2.143,-2.01
,TUR,Galatasaray - Adana D.,HOME_GOALS,-1.5,2.05,cf3a87d9,2022-05-16 18:00:00,2.02,2.092,-2.01
,TUR,Kasimpasa - Antaliaspor,HOME_GOALS,-1.5,2.05,ab95247c,2022-05-15 17:00:00,2.02,2.092,-2.01
,IRE,Derry City - Dundalk,GOALS,2.5,1.95,1e1da077,2022-05-20 19:45:00,1.917,1.99,-2.01
,ENG,Leeds - Brighton,AWAY_GOALS,-1.5,1.65,b4dc9fd5,2022-05-15 14:00:00,1.645,1.684,-2.02
,ENG,Everton - Brentford,HOME_GOALS,-1.5,1.75,124eb790,2022-05-15 16:30:00,1.741,1.786,-2.02
,TUR,Trabzonspor - Altay Izmir,GOALS,-3.5,1.6,33649c2c,2022-05-15 14:00:00,1.588,1.633,-2.02
,GER2,Werder B. - Regensburg,1X2_H1,1,1.6,13d49bbe,2022-05-15 14:30:00,1.595,1.633,-2.02
,NOR2,Fredrikstad - Skeid,GOALS,-3.5,1.6,eaaa724b,2022-05-16 17:00:00,1.571,1.633,-2.02
,ENG,Wolverhampton - Norwich,GOALS,-3.5,1.4,c76487a1,2022-05-15 14:00:00,1.391,1.429,-2.03
,ESP,Getafe - Barcelona,CORNERS,-7.5,2.65,70eb936c,,2.52,2.705,-2.03
,NED,AZ Alkmaar - Waalwijk,1X2,1,1.25,f036a1d6,2022-05-15 13:30:00,1.256,1.276,-2.04
,TUR,Trabzonspor - Altay Izmir,GOALS,-4.5,1.25,33649c2c,2022-05-15 14:00:00,1.245,1.276,-2.04
,SWE2,AFC Eskilstuna - Norrby IF,GOALS,1.5,1.25,11b0cf80,2022-05-19 18:00:00,1.235,1.276,-2.04
,SWE,Hammarby - AIK,GOALS,-4.5,1.1,bb6021b2,2022-05-15 14:00:00,1.101,1.123,-2.05
,KOR,Suwon Bluewings - Gimcheon Sangmu,GOALS,2.5,2.25,5004ddd5,2022-05-17 11:00:00,2.21,2.297,-2.05
,ESP2,Tenerife - Malaga,1X2,1,1.72,f135dd1e,2022-05-15 20:00:00,1.725,1.756,-2.05
,NED,Zwolle - PSV,GOALS_H1,1.5,2.05,d61da728,2022-05-15 13:30:00,2.03,2.093,-2.05
,NED,Willem II - Utrecht,CORNERS_H1,4.5,1.9,5f176434,2022-05-15 13:30:00,1.84,1.94,-2.06
,JPN2,Omiya Ardija - Vegalta Sendai,GOALS,-3.5,1.33,35dc0684,2022-05-21 06:00:00,1.311,1.358,-2.06
,SWE2,Orgryte IS - Trelleborgs FF,GOALS,-4.5,1.14,01914dc6,2022-05-18 18:00:00,1.131,1.164,-2.06
,NED,Groningen - Cambuur,AWAY_GOALS,1.5,2.75,7ad59478,2022-05-15 13:30:00,2.68,2.808,-2.07
,ESP2,Gijon - Girona,AWAY_GOALS,-1.5,1.47,7aa9202b,2022-05-15 15:00:00,1.463,1.501,-2.07
,NED,Willem II - Utrecht,GOALS_H1,1.5,2.4,87d24a49,2022-05-15 13:30:00,2.35,2.451,-2.08
,ENG,Southampton - Liverpool,AWAY_GOALS,-2.5,1.65,5e675120,2022-05-17 19:45:00,1.637,1.685,-2.08
,ESP,Villarreal - Sociedad,CORNERS,10.5,2.5,1e631f9d,,2.39,2.553,-2.08
,HUN,Puskas Akad. - Honved,HOME_GOALS,1.5,2.25,37d4566b,2022-05-15 15:00:00,2.18,2.298,-2.09
,SUI,Luzern - Young Boys,AWAY_GOALS,-1.5,2.2,84d06eab,2022-05-19 19:30:00,2.12,2.247,-2.09
,SLO,Olimpija Ljubljana - Mura,GOALS_H1,-1.5,1.36,b246b6b8,2022-05-15 16:30:00,1.344,1.389,-2.09
,ENG,Newcastle - Arsenal,AWAY_GOALS,1.5,1.9,54111d88,2022-05-16 20:00:00,1.885,1.941,-2.11
,MLS,Minnesota Utd - LA Galaxy,GOALS,-4.5,1.16,648621f1,2022-05-19 01:00:00,1.156,1.185,-2.11
,ESP,Cadiz - Real Madryt,1X2,1,2.95,38a913ef,2022-05-15 18:30:00,2.95,3.014,-2.12
,ENG,Newcastle - Arsenal,GOALS,2.5,1.85,f9097ad0,2022-05-16 20:00:00,1.847,1.89,-2.12
,ESP,Villarreal - Sociedad,1X2,0.5,3.65,6b58c422,2022-05-15 18:30:00,3.63,3.729,-2.12
,GER2,Nurnberg - Schalke 04,AWAY_GOALS,-1.5,2.35,739a01df,2022-05-15 14:30:00,2.31,2.401,-2.12
,POL,Mielec - Śląsk,GOALS,-4.5,1.11,e433de28,2022-05-15 11:30:00,1.112,1.134,-2.12
,ESP,Levante - Alaves,GOALS_H1,-1.5,1.52,60311a64,2022-05-15 18:30:00,1.513,1.553,-2.12
,SUI,Lugano - Zurich,1X2,0.5,3.6,9da9c209,2022-05-19 19:30:00,3.49,3.678,-2.12
,POL,Radomiak - W.Kraków,HOME_GOALS,-1.5,1.52,e1389e68,2022-05-15 16:30:00,1.513,1.553,-2.12
,NOR,Viking - Jerv,GOALS,2.5,1.47,34b2dd3a,2022-05-16 17:00:00,1.455,1.502,-2.13
,SWE2,Vasteras SK - Jonkopings,GOALS,3.5,2.9,04cd4be4,2022-05-18 18:00:00,2.75,2.963,-2.13
,ITA,Cagliari - Inter M.,GOALS_H1,-1.5,1.65,28cdf40b,2022-05-15 19:45:00,1.645,1.686,-2.14
,IRE,Drogheda Utd - Finn Harps,GOALS,-1.5,3.2,dc7651d1,2022-05-20 19:45:00,2.97,3.27,-2.14
,GER2,Darmstadt - Paderborn,GOALS,-3.5,2.15,058e2b28,2022-05-15 14:30:00,2.12,2.197,-2.14
,ENG,Aston Villa - Burnley,GOALS_H1,0.5,1.42,52743a10,2022-05-19 20:00:00,1.398,1.451,-2.14
,GER2,Werder B. - Regensburg,GOALS,-4.5,1.5,7ed7854f,2022-05-15 14:30:00,1.485,1.533,-2.15
,ITA,Juventus - Lazio,AWAY_GOALS,-1.5,1.55,ab990b18,2022-05-16 19:45:00,1.549,1.584,-2.15
,TUR,Giresunspor - Basaksehir FK,GOALS_H1,0.5,1.45,bf8edc6e,2022-05-15 17:00:00,1.446,1.482,-2.16
,KOR,Suwon Bluewings - Gimcheon Sangmu,GOALS,3.5,4.4,d4a7a9ff,2022-05-17 11:00:00,4.14,4.497,-2.16
,KOR,Seoul - Seongnam,GOALS,-1.5,2.9,01def60d,2022-05-21 08:30:00,2.77,2.964,-2.16
,ITA,Juventus - Lazio,1X2,1,2.35,669b17b4,2022-05-16 19:45:00,2.36,2.402,-2.16
,POL2,ŁKS Łódź - Opole,HOME_GOALS,-1.5,1.9,c385a3f1,2022-05-15 17:00:00,1.87,1.942,-2.16
,COL,America de Cali - Union Magdalena,GOALS_H1,0.5,1.53,06782121,2022-05-16 01:00:00,1.518,1.564,-2.17
,SUI,Lausanne - Sion,HOME_GOALS,-1.5,1.62,8b993f66,2022-05-19 19:30:00,1.588,1.656,-2.17
,TUR,Alanyaspor - Gaziantep,GOALS,-3.5,1.62,6d3a0ada,2022-05-15 17:00:00,1.61,1.656,-2.17
,MLS,NY Red Bulls - Chicago Fire,GOALS,-4.5,1.12,1df0d832,2022-05-19 00:30:00,1.119,1.145,-2.18
,POL2,ŁKS Łódź - Opole,GOALS,-4.5,1.12,e6ab1c0b,2022-05-15 17:00:00,1.119,1.145,-2.18
,NED,Feyenoord - Twente Enschede,GOALS_H1,1.5,2.1,c9522715,2022-05-15 13:30:00,2.08,2.147,-2.19
,KOR,Pohang Steelers - Jeonbuk,GOALS,-2.5,1.7,5487e8fa,2022-05-18 11:00:00,1.68,1.738,-2.19
,SWE2,Landskrona Bois - Brommapojkarna,GOALS,-1.5,4.4,7a93f7b1,2022-05-15 12:00:00,4.1,4.499,-2.2
,BRA2,Guarani SP - Vasco Da Gama RJ,1X2,0.5,2.75,5847e54d,2022-05-20 01:30:00,2.7,2.812,-2.2
,TUR,Konyaspor - Hatayspor,GOALS,-5.5,1.11,215eb70a,2022-05-15 17:00:00,1.113,1.135,-2.2
,NOR,Lillestrom - Sarpsborg,GOALS_H1,0.5,1.37,5098de9b,2022-05-16 17:00:00,1.369,1.401,-2.21
,NED,Groningen - Cambuur,GOALS,2.5,1.55,7ce3b3de,2022-05-15 13:30:00,1.543,1.585,-2.21
,ENG,Leeds - Brighton,GOALS,1.5,1.28,5c9151b5,2022-05-15 14:00:00,1.28,1.309,-2.22
,POR2,Leixoes - Casa Pia,GOALS,-4.5,1.1,ef46a1dc,2022-05-15 11:00:00,1.1,1.125,-2.22
,SUI,Luzern - Young Boys,GOALS,-4.5,1.27,7f2429e5,2022-05-19 19:30:00,1.256,1.299,-2.23
,ITA,Napoli - Genoa,AWAY_HANDI,1.5,1.45,33eafdff,2022-05-15 14:00:00,1.452,1.483,-2.23
,BRA2,Vasco Da Gama RJ - Bahia BA,GOALS,-0.5,6.5,6ae7c779,2022-05-15 20:00:00,5.69,6.648,-2.23
,ESP2,Gijon - Girona,GOALS,-3.5,1.27,e033a18f,2022-05-15 15:00:00,1.267,1.299,-2.23
,SUI,Lugano - Zurich,GOALS_H1,-1.5,1.57,b8b5b97a,2022-05-19 19:30:00,1.546,1.606,-2.24
,ESP2,Gijon - Girona,GOALS_H1,-1.5,1.35,fc32f8de,2022-05-15 15:00:00,1.35,1.381,-2.24
,ESP,Atl.Madryt - Sevilla,GOALS,-2.5,1.57,ef770827,2022-05-15 18:30:00,1.568,1.606,-2.24
,MLS,Philadelphia U. - Inter Miami,GOALS,-2.5,2.15,cf28da6a,2022-05-19 00:30:00,2.1,2.2,-2.27
,SWE2,Orgryte IS - Trelleborgs FF,1X2,2,2.75,8455a580,2022-05-18 18:00:00,2.7,2.814,-2.27
,GER2,Dyn.Drezno - Aue,GOALS,-3.5,1.55,836409b9,2022-05-15 14:30:00,1.546,1.586,-2.27
,GER2,Hannover - Ingolstadt,GOALS,-4.5,1.25,9e89a434,2022-05-15 14:30:00,1.248,1.279,-2.27
,HUN,Kisvarda - Zalaegerszeg,1X2,2,4.5,43b3bbbd,2022-05-15 15:00:00,4.29,4.605,-2.28
,POR,Guimaraes - Gil Vicente,HOME_GOALS,-1.5,1.8,61a8bee8,2022-05-15 20:30:00,1.787,1.842,-2.28
,SWE,Goteborg - Varbergs,HOME_GOALS,-1.5,1.8,64c81ec2,2022-05-15 16:30:00,1.787,1.842,-2.28
,SUI,Lausanne - Sion,1X2,2,2.1,b15c50d4,2022-05-19 19:30:00,2.08,2.149,-2.28
,KOR,Seongnam - Suwon FC,GOALS,-1.5,2.9,6d7e6e6b,2022-05-18 11:30:00,2.79,2.968,-2.29
,ENG,Newcastle - Arsenal,GOALS,1.5,1.28,f9097ad0,2022-05-16 20:00:00,1.282,1.31,-2.29
,ICE,Vikingur Reykjavik - Breidablik,1X2,1,2.8,88e623a6,2022-05-16 20:15:00,2.75,2.866,-2.3
,NOR,Viking - Jerv,HOME_GOALS,-2.5,2,c67f645f,2022-05-16 17:00:00,1.971,2.047,-2.3
,GER2,Darmstadt - Paderborn,CORNERS,10.5,2.2,a4dd57a9,2022-05-15 14:30:00,2.12,2.252,-2.31
,ESP,Atl.Madryt - Sevilla,HOME_GOALS,-1.5,1.52,88ea8b41,2022-05-15 18:30:00,1.521,1.556,-2.31
,POL,Radomiak - W.Kraków,GOALS,-1.5,4.1,9c545f37,2022-05-15 16:30:00,3.88,4.197,-2.31
,BRA2,Nautico PE - Cruzeiro MG,GOALS,-1.5,3,1ce7a0a3,2022-05-15 20:00:00,2.88,3.071,-2.31
,GER2,Dyn.Drezno - Aue,GOALS,-4.5,1.22,836409b9,2022-05-15 14:30:00,1.22,1.249,-2.32
,ENG,Everton - Brentford,GOALS,1.5,1.35,64c2cd64,2022-05-15 16:30:00,1.351,1.382,-2.32
,POL2,ŁKS Łódź - Opole,CORNERS,-9.5,2.1,ecfd47e8,,2.01,2.15,-2.33
,POR2,Rio Ave - Chaves,GOALS,-2.5,1.8,477fc459,2022-05-15 11:00:00,1.781,1.843,-2.33
,BRA,Botafogo RJ - Fortaleza CE,HOME_GOALS,-1.5,1.47,a46fed90,2022-05-15 22:00:00,1.463,1.505,-2.33
,NOR,Aalesunds - Molde,HOME_GOALS,1.5,2.5,87fe9669,2022-05-16 17:00:00,2.45,2.56,-2.34
,BRA,Coritiba PR - America MG,GOALS,-3.5,1.25,8bd04b79,2022-05-15 21:30:00,1.246,1.28,-2.34
,SWE,Degerfors - Helsingborg,GOALS,-3.5,1.37,39f2fa71,2022-05-15 16:30:00,1.366,1.403,-2.35
,ENG,Watford - Leicester,HOME_HANDI,1.5,1.37,f9573d3c,2022-05-15 14:00:00,1.37,1.403,-2.35
,POR2,Varzim - Mafra,GOALS,-3.5,1.33,61e3434e,2022-05-15 15:30:00,1.323,1.362,-2.35
,NOR,Viking - Jerv,HOME_GOALS_H1,-1.5,1.45,b30e4bb4,2022-05-16 17:00:00,1.439,1.485,-2.36
,SWE,Degerfors - Helsingborg,AWAY_GOALS,-1.5,1.45,2cc3d58f,2022-05-15 16:30:00,1.448,1.485,-2.36
,NOR,Odd BK - Haugesund,HOME_GOALS,-1.5,1.9,2800962a,2022-05-16 17:00:00,1.885,1.946,-2.36
,MLS,Nashville - Montreal,1X2,1,1.85,466ee75a,2022-05-19 01:30:00,1.855,1.895,-2.37
,JPN,Shonan Bellmare - Vissel Kobe,GOALS,-2.5,1.65,b6985d0a,2022-05-21 07:00:00,1.637,1.69,-2.37
,POL2,Polkowice - Resovia,GOALS,4.5,7.5,c029989e,2022-05-16 17:00:00,6.46,7.682,-2.37
,SWE,Degerfors - Helsingborg,GOALS_H1,0.5,1.4,86a04a9d,2022-05-15 16:30:00,1.4,1.434,-2.37
,TUR,Kasimpasa - Antaliaspor,GOALS,2.5,1.6,43c52666,2022-05-15 17:00:00,1.595,1.639,-2.38
,ENG,Newcastle - Arsenal,HOME_HANDI,1.5,1.35,97e837aa,2022-05-16 20:00:00,1.356,1.383,-2.39
,HUN,Puskas Akad. - Honved,1X2,1,2.25,6b5afb63,2022-05-15 15:00:00,2.23,2.305,-2.39
,TUR,C.Rizespor - Sivasspor,GOALS,-4.5,1.14,64bad706,2022-05-16 18:00:00,1.143,1.168,-2.4
,ESP,Celta - Elche,GOALS,1.5,1.3,018e85a2,2022-05-15 18:30:00,1.299,1.332,-2.4
,ESP2,Tenerife - Malaga,GOALS,-3.5,1.22,0c3da598,2022-05-15 20:00:00,1.221,1.25,-2.4
,ENG,Wolverhampton - Norwich,GOALS,3.5,3.25,c76487a1,2022-05-15 14:00:00,3.13,3.33,-2.4
,ENG,Watford - Leicester,AWAY_HANDI,-1.5,3.4,f9573d3c,2022-05-15 14:00:00,3.29,3.484,-2.41
,JPN,Shimizu S-Pulse - Nagoya Grampus,1X2,1,3.2,edde261d,2022-05-21 06:00:00,3.16,3.279,-2.41
,ESP2,Mirandes - Ibiza,GOALS_H1,-1.5,1.45,d4404d59,2022-05-15 15:00:00,1.45,1.486,-2.42
,JPN2,Omiya Ardija - Iwate Grulla Morioka,GOALS,-3.5,1.25,2de14b46,2022-05-18 11:00:00,1.239,1.281,-2.42
,MLS,NY Red Bulls - Chicago Fire,1X2,1,1.53,8072ca7c,2022-05-19 00:30:00,1.538,1.568,-2.42
,ITA,Juventus - Lazio,GOALS_H1,0.5,1.37,ea750923,2022-05-16 19:45:00,1.376,1.404,-2.42
,NED,NEC - Fortuna S.,AWAY_GOALS,1.5,2.45,3a274a98,2022-05-15 13:30:00,2.41,2.511,-2.43
,POL2,ŁKS Łódź - Opole,1X2,1,1.85,1a697f69,2022-05-15 17:00:00,1.855,1.896,-2.43
,GER2,Hansa R. - Hamburger SV,AWAY_GOALS,-2.5,1.72,01738b1e,2022-05-15 14:30:00,1.704,1.763,-2.44
,CRC,Jicaral - Cartagines,GOALS,-4.5,1.16,e4cfd623,2022-05-15 22:00:00,1.154,1.189,-2.44
,CHI,Coquimbo Unido - Union Espanola,GOALS_H1,-1.5,1.38,b353d726,2022-05-21 00:00:00,1.369,1.415,-2.47
,NOR,Kristiansund - Stromsgodset,GOALS,3.5,2.8,63e40f2e,2022-05-16 17:00:00,2.72,2.871,-2.47
,LE,Eintracht F. - Rangers,1X2_H1,0.5,2.2,83edcc22,2022-05-18 20:00:00,2.19,2.256,-2.48
,NED,Willem II - Utrecht,GOALS,1.5,1.18,72975814,2022-05-15 13:30:00,1.183,1.21,-2.48
,CHI,Coquimbo Unido - Union Espanola,GOALS,-3.5,1.3,1e16c927,2022-05-21 00:00:00,1.288,1.333,-2.48
,JPN,Shimizu S-Pulse - Nagoya Grampus,GOALS,-3.5,1.18,ac5c5c8f,2022-05-21 06:00:00,1.18,1.21,-2.48
,NED,Heerenveen - G.A. Eagles,CORNERS,9.5,1.8,51aff62b,2022-05-15 13:30:00,1.758,1.846,-2.49
,ESP,Cadiz - Real Madryt,GOALS_H1,-1.5,1.45,4f773875,2022-05-15 18:30:00,1.455,1.487,-2.49
,ITA,Bologna - Sassuolo,1X2_H1,0.5,2.65,f8a66dad,2022-05-15 11:30:00,2.64,2.718,-2.5
,TUR,Goztepe SK - Besiktas,GOALS,-1.5,6,ab2310bd,2022-05-15 14:00:00,5.52,6.154,-2.5
,GER2,Hansa R. - Hamburger SV,GOALS,3.5,1.95,6f5130b8,2022-05-15 14:30:00,1.935,2,-2.5
,ITA,Bologna - Sassuolo,GOALS,-3.5,1.95,d3e7a46c,2022-05-15 11:30:00,1.943,2,-2.5
,ESP,Levante - Alaves,1X2,1,2.85,66932dc6,2022-05-15 18:30:00,2.85,2.923,-2.5
,IRE,Bohemians Dublin - Sligo Rovers,GOALS,1.5,1.4,ee6c54d4,2022-05-20 19:45:00,1.375,1.436,-2.51
,MLS,San Jose Earthquakes - Portland T.,GOALS,1.5,1.2,ad49076c,2022-05-19 03:30:00,1.2,1.231,-2.52
,TUR,Kasimpasa - Antaliaspor,CORNERS,9.5,2.05,f465af73,2022-05-15 17:00:00,1.99,2.103,-2.52
,BRA,Avai SC - Juventude RS,GOALS,-3.5,1.16,4706ee72,2022-05-15 22:00:00,1.161,1.19,-2.52
,NOR,Valerenga - Ham Kam,1X2,1,1.7,1e20b5cc,2022-05-16 19:00:00,1.714,1.744,-2.52
,ENG,Leeds - Brighton,AWAY_GOALS,1.5,2.4,b4dc9fd5,2022-05-15 14:00:00,2.38,2.462,-2.52
,SWE2,Vasteras SK - Jonkopings,1X2,1,2,b4a2279a,2022-05-18 18:00:00,1.99,2.052,-2.53
,ESP2,Alcorcon - Las Palmas,GOALS,-1.5,3.5,5f8467b1,2022-05-15 13:00:00,3.36,3.591,-2.53
,TUR,Alanyaspor - Gaziantep,CORNERS,9.5,1.85,ad9541b1,2022-05-15 17:00:00,1.806,1.898,-2.53
,ENG,Leeds - Brighton,GOALS,2.5,1.85,5c9151b5,2022-05-15 14:00:00,1.855,1.898,-2.53
,JAM,Arnett Gardens - Dunbeholden,GOALS_H1,0.5,1.5,75a97805,2022-05-15 21:00:00,1.461,1.539,-2.53
,POL,Mielec - Śląsk,GOALS,-2.5,1.85,e433de28,2022-05-15 11:30:00,1.847,1.898,-2.53
,ENG,Aston Villa - Crystal Palace,1X2,0.5,3.45,04a88e08,2022-05-15 14:00:00,3.43,3.54,-2.54
,BRA,Botafogo RJ - Fortaleza CE,GOALS,-1.5,2.75,08ec0c80,2022-05-15 22:00:00,2.68,2.822,-2.55
,TUR,Goztepe SK - Besiktas,GOALS,-3.5,1.72,ab2310bd,2022-05-15 14:00:00,1.714,1.765,-2.55
,POR,Guimaraes - Gil Vicente,GOALS,-3.5,1.45,552a09a8,2022-05-15 20:30:00,1.446,1.488,-2.55
,BRA,Botafogo RJ - Fortaleza CE,GOALS_H1,0.5,1.57,e6f53011,2022-05-15 22:00:00,1.562,1.611,-2.55
,TUR,Giresunspor - Basaksehir FK,GOALS,-3.5,1.3,c58ac205,2022-05-15 17:00:00,1.3,1.334,-2.55
,ESP2,Alcorcon - Las Palmas,HOME_HANDI,1.5,1.37,00a3c62f,2022-05-15 13:00:00,1.373,1.406,-2.56
,ESP2,Alcorcon - Las Palmas,AWAY_GOALS,-1.5,1.9,afdadb89,2022-05-15 13:00:00,1.885,1.95,-2.56
,NOR,Rosenborg - Sandefjord,1X2,1,1.52,1adf71d3,2022-05-16 17:00:00,1.535,1.56,-2.56
,BRA,Goias GO - Santos SP,GOALS,-3.5,1.22,2c880689,2022-05-15 23:00:00,1.219,1.252,-2.56
,CHI,Cobresal - O'Higgins,GOALS,-4.5,1.1,357caaab,2022-05-15 19:45:00,1.104,1.129,-2.57
,ESP2,Mirandes - Ibiza,HOME_GOALS,1.5,1.93,4f14f735,2022-05-15 15:00:00,1.917,1.981,-2.57
,NOR,Lillestrom - Sarpsborg,GOALS,1.5,1.25,da0aec48,2022-05-16 17:00:00,1.252,1.283,-2.57
,TUR,Giresunspor - Basaksehir FK,GOALS,-4.5,1.1,c58ac205,2022-05-15 17:00:00,1.107,1.129,-2.57
,MLS,Vancouver - Dallas,GOALS,-4.5,1.1,0d55e373,2022-05-19 03:00:00,1.104,1.129,-2.57
,ENG,Everton - Brentford,GOALS,2.5,2.05,64c2cd64,2022-05-15 16:30:00,2.05,2.104,-2.57
,ESP,Getafe - Barcelona,GOALS_H1,-1.5,1.4,ac6cd665,2022-05-15 18:30:00,1.407,1.437,-2.57
,SUI,Lugano - Zurich,GOALS,-2.5,2.35,00ac833a,2022-05-19 19:30:00,2.28,2.412,-2.57
,NOR,Aalesunds - Molde,AWAY_GOALS,1.5,1.93,8b8f6147,2022-05-16 17:00:00,1.917,1.981,-2.57
,ESP,Cadiz - Real Madryt,1X2,2,2.5,38a913ef,2022-05-15 18:30:00,2.52,2.566,-2.57
,KOR,Gangwon - Seoul,GOALS_H1,-1.5,1.36,8ec701c6,2022-05-18 11:30:00,1.36,1.396,-2.58
,GER2,St.Pauli - Dusseldorf,GOALS,-3.5,1.7,f87efc03,2022-05-15 14:30:00,1.694,1.745,-2.58
,ESP,Celta - Elche,HOME_GOALS,-1.5,2.3,36e6e8df,2022-05-15 18:30:00,2.27,2.361,-2.58
,SWE2,Ostersunds FK - IK Brage,GOALS,-3.5,1.36,865598d6,2022-05-15 14:00:00,1.355,1.396,-2.58
,NED,Willem II - Utrecht,AWAY_GOALS,1.5,2.3,ed0933fc,2022-05-15 13:30:00,2.27,2.361,-2.58
,NOR2,Mjondalen - KFUM Oslo,GOALS_H1,0.5,1.36,fdef55f1,2022-05-15 17:00:00,1.36,1.396,-2.58
,ENG,Watford - Leicester,GOALS,-2.5,2.15,376147cd,2022-05-15 14:00:00,2.13,2.207,-2.58
,CRC,Guadalupe - Guanacasteca,1X2,0.5,3.25,d7080722,2022-05-15 22:00:00,3.18,3.336,-2.58
,NED,Heerenveen - G.A. Eagles,HOME_GOALS,1.5,1.7,b1c801ef,2022-05-15 13:30:00,1.694,1.745,-2.58
,GER2,Heidenheim - Karlsruher,HOME_GOALS,-1.5,2.3,c0a5838c,2022-05-15 14:30:00,2.27,2.361,-2.58
,SLO,Domzale - Celje,GOALS,3.5,2.9,00654446,2022-05-15 14:00:00,2.76,2.977,-2.59
,BRA2,Vasco Da Gama RJ - Bahia BA,1X2,0.5,2.9,d096235b,2022-05-15 20:00:00,2.85,2.977,-2.59
,KOR,Incheon United - Daegu,GOALS_H1,0.5,1.5,1406a7ac,2022-05-17 11:30:00,1.5,1.54,-2.6
,POR,Guimaraes - Gil Vicente,GOALS_H1,-1.5,1.5,9db6efb1,2022-05-15 20:30:00,1.5,1.54,-2.6
,POR,Famalicao - Braga,GOALS,-4.5,1.16,f24ba032,2022-05-15 18:00:00,1.165,1.191,-2.6
,BRA2,Ituano SP - Gremio RS,GOALS,2.5,2.7,d3ea46a7,2022-05-17 00:00:00,2.6,2.772,-2.6
,TUR,Fenerbahce - F.Karagumruk,GOALS,1.5,1.16,a373811c,2022-05-15 17:00:00,1.165,1.191,-2.6
,NED,Zwolle - PSV,GOALS,-5.5,1.16,06ebe7e5,2022-05-15 13:30:00,1.165,1.191,-2.6
,ARG2,Alvarado - Chaco For Ever,GOALS_H1,0.5,1.53,6d3e83ce,2022-05-15 20:30:00,1.513,1.571,-2.61
,IRE,Derry City - Dundalk,1X2,1,1.9,8298ebe7,2022-05-20 19:45:00,1.901,1.951,-2.61
,ESP,Levante - Alaves,CORNERS,8.5,1.57,2db14dc0,,1.546,1.612,-2.61
,ENG,Chelsea - Leicester,HOME_GOALS,-2.5,1.57,c3c5d9ed,2022-05-19 20:00:00,1.546,1.612,-2.61
,TUR,Goztepe SK - Besiktas,1X2,2,1.57,e60486a9,2022-05-15 14:00:00,1.585,1.612,-2.61
,ESP2,Tenerife - Malaga,CORNERS_H1,3.5,1.6,c10ec0dc,2022-05-15 20:00:00,1.556,1.643,-2.62
,IRE,UC Dublin - Shamrock Rovers,GOALS,2.5,1.67,5fee9d0d,2022-05-19 19:45:00,1.649,1.715,-2.62
,ESP,Villarreal - Sociedad,GOALS,1.5,1.3,b1ffc576,2022-05-15 18:30:00,1.305,1.335,-2.62
,NOR,Kristiansund - Stromsgodset,GOALS,1.5,1.22,63e40f2e,2022-05-16 17:00:00,1.224,1.253,-2.63
,NOR,Valerenga - Ham Kam,GOALS_H1,1.5,2.7,57987319,2022-05-16 19:00:00,2.65,2.773,-2.63
,BRA,Avai SC - Juventude RS,1X2_H1,1,3.4,3bf5d5e9,2022-05-15 22:00:00,3.33,3.492,-2.63
,NED,Zwolle - PSV,GOALS,1.5,1.11,06ebe7e5,2022-05-15 13:30:00,1.117,1.14,-2.63
,NOR,Viking - Jerv,GOALS,-5.5,1.11,34b2dd3a,2022-05-16 17:00:00,1.115,1.14,-2.63
,ENG,Watford - Leicester,GOALS,2.5,1.78,376147cd,2022-05-15 14:00:00,1.775,1.828,-2.63
,TUR,Goztepe SK - Besiktas,GOALS,-5.5,1.11,ab2310bd,2022-05-15 14:00:00,1.117,1.14,-2.63
,ITA,AC Milan - Atalanta,HOME_HANDI,-1.5,3.25,af9fb50c,2022-05-15 17:00:00,3.18,3.338,-2.64
,TUR,Fenerbahce - F.Karagumruk,CORNERS,9.5,2.1,79592fad,2022-05-15 17:00:00,2.03,2.157,-2.64
,MLS,Atlanta Utd - New England,GOALS_H1,-1.5,1.55,0c813f85,2022-05-15 18:30:00,1.549,1.592,-2.64
,SWE2,Vasteras SK - Jonkopings,GOALS,-4.5,1.18,6e3b16d8,2022-05-18 18:00:00,1.175,1.212,-2.64
,SWE,Norrkoping - GIF Sundsvall,GOALS,1.5,1.18,b5b8e377,2022-05-15 16:30:00,1.181,1.212,-2.64
,KOR,Seoul - Pohang Steelers,CORNERS_H1,3.5,1.65,8a10b573,2022-05-15 11:00:00,1.602,1.695,-2.65
,ITA,Juventus - Lazio,1X2,0.5,3.6,669b17b4,2022-05-16 19:45:00,3.6,3.698,-2.65
,POL2,Legnica - Widzew Ł.,GOALS,-4.5,1.1,93ffe17d,2022-05-15 11:40:00,1.105,1.13,-2.65
,NED,Vitesse - Ajax,HOME_HANDI,1.5,1.8,f28f589e,2022-05-15 13:30:00,1.8,1.849,-2.65
,POL,Mielec - Śląsk,GOALS,-3.5,1.32,e433de28,2022-05-15 11:30:00,1.322,1.356,-2.65
,FIN,Ilves - Mariehamn,GOALS,1.5,1.28,5f4ef1f0,2022-05-15 13:00:00,1.282,1.315,-2.66
,ENG,Everton - Crystal Palace,1X2,1,2.15,ee4d7654,2022-05-19 19:45:00,2.13,2.209,-2.67
,POR,Guimaraes - Gil Vicente,GOALS_H1,0.5,1.35,2fad7a3e,2022-05-15 20:30:00,1.356,1.387,-2.67
,NED,Heerenveen - G.A. Eagles,GOALS,-3.5,1.53,ce9baf2d,2022-05-15 13:30:00,1.532,1.572,-2.67
,CRC,AD San Carlos - Sporting San Jose,GOALS,-4.5,1.16,fad6afec,2022-05-15 22:00:00,1.157,1.192,-2.68
,ENG,Everton - Brentford,1X2,2,3.85,1e3bb9c9,2022-05-15 16:30:00,3.84,3.956,-2.68
,POL,Radomiak - W.Kraków,GOALS_H1,-1.5,1.45,a426a8b2,2022-05-15 16:30:00,1.452,1.49,-2.68
,BRA,Coritiba PR - America MG,1X2,2,3.3,662a7234,2022-05-15 21:30:00,3.27,3.391,-2.68
,NED,Heerenveen - G.A. Eagles,1X2,1,1.77,1a97b402,2022-05-15 13:30:00,1.787,1.819,-2.69
,POR2,Estrela Amadora - Covilha,GOALS,-1.5,3.4,10c11210,2022-05-15 15:30:00,3.25,3.494,-2.69
,ICE,Hafnarfjordur - Vestmannaeyjar,1X2,1,1.55,11328104,2022-05-15 15:00:00,1.562,1.593,-2.7
,MLS,Vancouver - Dallas,GOALS,-2.5,1.8,f5bf3803,2022-05-19 03:00:00,1.787,1.85,-2.7
,BRA,Coritiba PR - America MG,GOALS,1.5,1.4,8bd04b79,2022-05-15 21:30:00,1.395,1.439,-2.71
,NOR,Viking - Jerv,HOME_HANDI,-1.5,1.65,6bafb9e5,2022-05-16 17:00:00,1.649,1.696,-2.71
,SUI,Luzern - Young Boys,GOALS_H1,-1.5,1.65,1ec95097,2022-05-19 19:30:00,1.629,1.696,-2.71
,SUI,Servette - Basel,GOALS,-2.5,2.5,a4331960,2022-05-19 19:30:00,2.42,2.57,-2.72
,NED,Willem II - Utrecht,GOALS,-4.5,1.25,72975814,2022-05-15 13:30:00,1.254,1.285,-2.72
,JPN,Sanfrecce Hiroshima - Kyoto Sanga,GOALS,1.5,1.36,4ee51a63,2022-05-21 05:00:00,1.352,1.398,-2.72
,ITA,Juventus - Lazio,1X2_H1,1,3,870f24c5,2022-05-16 19:45:00,3,3.084,-2.72
,JPN2,Blaublitz Akita - Tokyo Verdy,GOALS,-3.5,1.25,624a3475,2022-05-21 06:00:00,1.243,1.285,-2.72
,POR,Famalicao - Braga,GOALS,2.5,1.75,f24ba032,2022-05-15 18:00:00,1.746,1.799,-2.72
,TUR,C.Rizespor - Sivasspor,AWAY_GOALS,1.5,2.35,548109b1,2022-05-16 18:00:00,2.32,2.416,-2.73
,CRC,Municipal Grecia - Deportivo Saprissa,1X2,2,1.85,d59d303c,2022-05-15 22:00:00,1.847,1.902,-2.73
,TUR,Galatasaray - Adana D.,AWAY_HANDI,1.5,1.32,8298c6ae,2022-05-16 18:00:00,1.327,1.357,-2.73
,JPN,Shimizu S-Pulse - Nagoya Grampus,GOALS,2.5,2.6,1e847faa,2022-05-21 06:00:00,2.54,2.673,-2.73
,NOR,Odd BK - Haugesund,GOALS_H1,0.5,1.35,74239293,2022-05-16 17:00:00,1.356,1.388,-2.74
,MLS,Sp. Kansas City - Colorado,GOALS,-3.5,1.28,d70b2a1b,2022-05-19 01:30:00,1.28,1.316,-2.74
,TUR,C.Rizespor - Sivasspor,GOALS,1.5,1.28,64bad706,2022-05-16 18:00:00,1.283,1.316,-2.74
,BRA2,Ituano SP - Gremio RS,GOALS_H1,0.5,1.6,aa1ebc38,2022-05-17 00:00:00,1.581,1.645,-2.74
,ITA,Sampdoria - Fiorentina,GOALS_H1,0.5,1.35,6b93a957,2022-05-16 17:30:00,1.361,1.388,-2.74
,ESP2,Tenerife - Malaga,AWAY_HANDI,1.5,1.35,5d7b3518,2022-05-15 20:00:00,1.356,1.388,-2.74
,CRO,Sibenik - Dinamo Z.,AWAY_HANDI,-1.5,1.77,62528901,2022-05-15 18:05:00,1.746,1.82,-2.75
,NED,Heracles - Sparta R.,CORNERS_H1,4.5,2.05,9681b07d,2022-05-15 13:30:00,1.99,2.108,-2.75
,ESP,Cadiz - Real Madryt,AWAY_GOALS,-1.5,1.7,2caf2d78,2022-05-15 18:30:00,1.704,1.748,-2.75
,TUR,Konyaspor - Hatayspor,GOALS,-3.5,1.7,215eb70a,2022-05-15 17:00:00,1.699,1.748,-2.75
,NOR,Aalesunds - Molde,GOALS,-4.5,1.2,694fd3ee,2022-05-16 17:00:00,1.205,1.234,-2.76
,NED,Heracles - Sparta R.,1X2,0.5,3,98af35ce,2022-05-15 13:30:00,3,3.085,-2.76
,SWE,Norrkoping - GIF Sundsvall,1X2_H1,0.5,2.75,7f4bd1e2,2022-05-15 16:30:00,2.72,2.828,-2.76
,SWE2,Landskrona Bois - Brommapojkarna,GOALS,-2.5,2.15,cf419dc6,2022-05-15 12:00:00,2.12,2.211,-2.76
,NED,Groningen - Cambuur,HOME_GOALS,1.5,1.62,c124b4cf,2022-05-15 13:30:00,1.621,1.666,-2.76
,SWE,Norrkoping - GIF Sundsvall,HOME_GOALS,-2.5,1.72,0eca1083,2022-05-15 16:30:00,1.709,1.769,-2.77
,NED,Vitesse - Ajax,GOALS,-4.5,1.37,8cdd72d4,2022-05-15 13:30:00,1.372,1.409,-2.77
,GER2,St.Pauli - Dusseldorf,1X2,1,2.6,a7f6a72c,2022-05-15 14:30:00,2.61,2.674,-2.77
,IRE,Bohemians Dublin - Sligo Rovers,GOALS_H1,-1.5,1.3,e8ed8f86,2022-05-20 19:45:00,1.262,1.337,-2.77
,POL2,Nowy Sącz - Głogów,GOALS_H1,-1.5,1.37,5420ec6a,2022-05-15 14:00:00,1.372,1.409,-2.77
,NOR2,Stabaek - Grorud,1X2,1,1.47,394b6d3d,2022-05-16 17:00:00,1.474,1.512,-2.78
,NED,Heracles - Sparta R.,GOALS,1.5,1.4,c05fa444,2022-05-15 13:30:00,1.402,1.44,-2.78
,CHI,Huachipato - Nublense,1X2,1,2.55,55f9afff,2022-05-15 22:30:00,2.55,2.623,-2.78
,KOR,Gangwon - Seoul,1X2,2,2.45,95656f91,2022-05-18 11:30:00,2.45,2.52,-2.78
,JPN2,Albirex Niigata - Yokohama,1X2,0.5,3.2,898a13e9,2022-05-21 06:00:00,3.14,3.292,-2.79
,NOR,Odd BK - Haugesund,GOALS_H1,-1.5,1.5,2b4a7b66,2022-05-16 17:00:00,1.503,1.543,-2.79
,POR,Guimaraes - Gil Vicente,AWAY_GOALS,-1.5,1.57,ea0e9094,2022-05-15 20:30:00,1.571,1.615,-2.79
,TUR,Alanyaspor - Gaziantep,HOME_GOALS,-2.5,1.52,4b53a3ca,2022-05-15 17:00:00,1.524,1.564,-2.81
,MLS,Philadelphia U. - Inter Miami,GOALS,-3.5,1.42,b5e98216,2022-05-19 00:30:00,1.412,1.461,-2.81
,ENG,Watford - Leicester,GOALS_H1,0.5,1.35,c94b6276,2022-05-15 14:00:00,1.357,1.389,-2.81
,SWE,Hacken - Kalmar FF,HOME_GOALS,1.5,1.9,fc2c813f,2022-05-15 14:00:00,1.893,1.955,-2.81
,POL2,Legnica - Widzew Ł.,CORNERS,-9.5,2.1,44b3aa8f,,2.03,2.161,-2.82
,TUR,Kasimpasa - Antaliaspor,GOALS_H1,1.5,2.45,071c46af,2022-05-15 17:00:00,2.42,2.521,-2.82
,ESP,Atl.Madryt - Sevilla,GOALS,-1.5,2.75,ef770827,2022-05-15 18:30:00,2.72,2.83,-2.83
,ESP2,Oviedo - Zaragoza,GOALS,-2.5,1.65,a5af8536,2022-05-16 20:00:00,1.637,1.698,-2.83
,TUR,Galatasaray - Adana D.,GOALS,1.5,1.2,2f02eecd,2022-05-16 18:00:00,1.207,1.235,-2.83
,NOR,Bodo/Glimt - Tromso,GOALS,-4.5,1.2,852ee41d,2022-05-16 17:00:00,1.206,1.235,-2.83
,NED,Heracles - Sparta R.,1X2_H1,0.5,2.05,2f3d86de,2022-05-15 13:30:00,2.06,2.11,-2.84
,BRA2,Guarani SP - Vasco Da Gama RJ,GOALS,-2.5,1.47,b79b8639,2022-05-20 01:30:00,1.461,1.513,-2.84
,JPN2,Omiya Ardija - Iwate Grulla Morioka,GOALS,1.5,1.4,052b3593,2022-05-18 11:00:00,1.388,1.441,-2.85
,JPN,Sanfrecce Hiroshima - Kyoto Sanga,GOALS_H1,-1.5,1.33,66a8a96f,2022-05-21 05:00:00,1.302,1.369,-2.85
,SUI,Lausanne - Sion,GOALS,-3.5,1.6,dc9974d1,2022-05-19 19:30:00,1.585,1.647,-2.85
,TUR,Fenerbahce - F.Karagumruk,GOALS,2.5,1.5,a373811c,2022-05-15 17:00:00,1.5,1.544,-2.85
,ESP,Betis - Granada,GOALS,-3.5,1.5,30722386,2022-05-15 18:30:00,1.505,1.544,-2.85
,NOR2,Brann - Sandnes Ulf,GOALS,2.5,1.6,919a2d24,2022-05-16 17:00:00,1.585,1.647,-2.85
,KOR,Seoul - Seongnam,GOALS_H1,0.5,1.53,4fcaecaf,2022-05-21 08:30:00,1.524,1.575,-2.86
,GER2,Sandhausen - Holstein Kiel,GOALS,-1.5,5.5,b5c9dc2e,2022-05-15 14:30:00,5.11,5.662,-2.86
,NOR,Lillestrom - Sarpsborg,1X2_H1,1,2.55,361ee281,2022-05-16 17:00:00,2.55,2.625,-2.86
,ENG,Aston Villa - Burnley,HOME_GOALS,-1.5,1.9,5bae577b,2022-05-19 20:00:00,1.862,1.956,-2.86
,CHI,Huachipato - Nublense,GOALS_H1,0.5,1.42,9296e080,2022-05-15 22:30:00,1.422,1.462,-2.87
,GER2,Nurnberg - Schalke 04,1X2,2,2.1,8e18a164,2022-05-15 14:30:00,2.12,2.162,-2.87
,NOR,Kristiansund - Stromsgodset,1X2_H1,1,2.9,c914c3b4,2022-05-16 17:00:00,2.89,2.986,-2.88
,TUR,Fenerbahce - F.Karagumruk,GOALS,-4.5,1.28,a373811c,2022-05-15 17:00:00,1.285,1.318,-2.88
,SWE,Hacken - Kalmar FF,GOALS,1.5,1.28,c853c1bf,2022-05-15 14:00:00,1.285,1.318,-2.88
,ESP,Levante - Alaves,GOALS,-2.5,2.25,c9cf88f9,2022-05-15 18:30:00,2.23,2.317,-2.89
,ESP,Mallorca - Rayo Vallecano,1X2,0.5,3.6,662a51f2,2022-05-15 18:30:00,3.6,3.707,-2.89
,NOR,Odd BK - Haugesund,1X2,1,2.15,9da8a4a9,2022-05-16 17:00:00,2.17,2.214,-2.89
,NOR,Aalesunds - Molde,GOALS,3.5,2.65,694fd3ee,2022-05-16 17:00:00,2.61,2.729,-2.89
,GER2,St.Pauli - Dusseldorf,GOALS,-5.5,1.11,f87efc03,2022-05-15 14:30:00,1.12,1.143,-2.89
,NOR,Viking - Jerv,GOALS,1.5,1.14,34b2dd3a,2022-05-16 17:00:00,1.146,1.174,-2.9
,ESP2,Gijon - Girona,1X2,2,2.75,5b4b0307,2022-05-15 15:00:00,2.76,2.832,-2.9
,ESP2,Alcorcon - Las Palmas,GOALS,-4.5,1.1,5f8467b1,2022-05-15 13:00:00,1.111,1.133,-2.91
,ESP,Atl.Madryt - Sevilla,1X2_H1,0.5,2,cbcc899d,2022-05-15 18:30:00,2.02,2.06,-2.91
,ESP,Bilbao - Osasuna,GOALS_H1,-1.5,1.4,b1a2a409,2022-05-15 18:30:00,1.412,1.442,-2.91
,GERCUP,SC Freiburg - RB Lipsk,GOALS_H1,0.5,1.4,5d883651,2022-05-21 19:00:00,1.398,1.442,-2.91
,ESP,Cadiz - Real Madryt,HOME_GOALS,-1.5,1.57,7b32b3d9,2022-05-15 18:30:00,1.578,1.617,-2.91
,SUI,Grasshoppers - St. Gallen,GOALS,-5.5,1.1,4cc2c268,2022-05-19 19:30:00,1.103,1.133,-2.91
,POL,Radomiak - W.Kraków,1X2,1,3.1,aee90065,2022-05-15 16:30:00,3.1,3.193,-2.91
,NOR,Kristiansund - Stromsgodset,AWAY_GOALS,1.5,2.5,ef271c90,2022-05-16 17:00:00,2.47,2.575,-2.91
,ENG,West Ham - Manchester City,1X2,0.5,4.9,affd2dfb,2022-05-15 14:00:00,4.84,5.048,-2.93
,BRA,Botafogo RJ - Fortaleza CE,1X2,0.5,3.15,96f02f76,2022-05-15 22:00:00,3.13,3.245,-2.93
,MLS,Atlanta Utd - New England,GOALS,-2.5,2.35,12f51dbd,2022-05-15 18:30:00,2.33,2.421,-2.93
,MLS,Houston - Seattle,GOALS_H1,-1.5,1.42,678bdc23,2022-05-19 01:30:00,1.424,1.463,-2.94
,FIN,Ilves - Mariehamn,HOME_GOALS,-1.5,1.95,6a7bf4f3,2022-05-15 13:00:00,1.943,2.009,-2.94
,ESP,Getafe - Barcelona,GOALS,-3.5,1.32,12870800,2022-05-15 18:30:00,1.329,1.36,-2.94
,TUR,Konyaspor - Hatayspor,CORNERS,9.5,1.85,5e8ace75,2022-05-15 17:00:00,1.813,1.906,-2.94
,ESP,Bilbao - Osasuna,GOALS_H1,0.5,1.42,c4e568b1,2022-05-15 18:30:00,1.433,1.463,-2.94
,GERCUP,SC Freiburg - RB Lipsk,GOALS_H1,-1.5,1.42,3eace0cc,2022-05-21 19:00:00,1.418,1.463,-2.94
,ENG,Everton - Brentford,GOALS,-2.5,1.85,64c2cd64,2022-05-15 16:30:00,1.862,1.906,-2.94
,TUR,Kasimpasa - Antaliaspor,CORNERS,8.5,1.65,bed75b60,2022-05-15 17:00:00,1.606,1.7,-2.94
,NED,Feyenoord - Twente Enschede,GOALS,4.5,3.3,e86185ac,2022-05-15 13:30:00,3.19,3.4,-2.94
,BRA,Coritiba PR - America MG,1X2,1,2.3,662a7234,2022-05-15 21:30:00,2.31,2.37,-2.95
,SLO,Koper - Radomlje,GOALS,1.5,1.25,0047c9a1,2022-05-16 16:30:00,1.239,1.288,-2.95
,MLS,Nashville - Montreal,GOALS,-3.5,1.25,5b0dc1a6,2022-05-19 01:30:00,1.253,1.288,-2.95
,MLS,San Jose Earthquakes - Portland T.,GOALS,3.5,2.6,b1afa43d,2022-05-19 03:30:00,2.55,2.679,-2.95
,IRE,Bohemians Dublin - Sligo Rovers,GOALS,-3.5,1.25,52c8b7a2,2022-05-20 19:45:00,1.239,1.288,-2.95
,KOR,Incheon United - Daegu,GOALS,3.5,4.4,d8e02a4b,2022-05-17 11:30:00,4.17,4.534,-2.96
,ESP,Betis - Granada,GOALS,2.5,1.67,30722386,2022-05-15 18:30:00,1.68,1.721,-2.96
,TUR,Konyaspor - Hatayspor,GOALS,-4.5,1.28,215eb70a,2022-05-15 17:00:00,1.286,1.319,-2.96
,ITA,Sampdoria - Fiorentina,HOME_HANDI,1.5,1.37,17bedb83,2022-05-16 17:30:00,1.383,1.412,-2.97
,CRO,Osijek - Lokomotiva Z.,GOALS,-4.5,1.11,efa2b46a,2022-05-15 16:00:00,1.113,1.144,-2.97
,CRO,Sibenik - Dinamo Z.,GOALS,3.5,2.55,7b5a225b,2022-05-15 18:05:00,2.46,2.628,-2.97
,GER2,Dyn.Drezno - Aue,AWAY_GOALS,-1.5,1.47,e3e74065,2022-05-15 14:30:00,1.476,1.515,-2.97
,TUR,Kasimpasa - Antaliaspor,GOALS,3.5,2.45,43c52666,2022-05-15 17:00:00,2.42,2.525,-2.97
,GER2,Hansa R. - Hamburger SV,GOALS_H1,1.5,2.05,704af5f3,2022-05-15 14:30:00,2.04,2.113,-2.98
,ENG,Leeds - Brighton,GOALS,-2.5,2.05,5c9151b5,2022-05-15 14:00:00,2.06,2.113,-2.98
,CRC,Municipal Grecia - Deportivo Saprissa,GOALS_H1,-1.5,1.5,bf9ca406,2022-05-15 22:00:00,1.49,1.546,-2.98
,JPN2,Omiya Ardija - Vegalta Sendai,GOALS,1.5,1.33,fb2c5721,2022-05-21 06:00:00,1.323,1.371,-2.99
,SWE,Hacken - Kalmar FF,GOALS,2.5,1.85,c853c1bf,2022-05-15 14:00:00,1.855,1.907,-2.99
,ESP2,Alcorcon - Las Palmas,1X2,0.5,3.6,884320ed,2022-05-15 13:00:00,3.58,3.711,-2.99
,ESP,Levante - Alaves,1X2,2,2.47,66932dc6,2022-05-15 18:30:00,2.49,2.546,-2.99
,MLS,NY Red Bulls - Chicago Fire,GOALS,-3.5,1.33,cdf1fd01,2022-05-19 00:30:00,1.332,1.371,-2.99
,NED,Willem II - Utrecht,HOME_GOALS,1.5,1.85,a2a61ff5,2022-05-15 13:30:00,1.847,1.907,-2.99